id,timestamp,text
1432466666164793300,1630361641000,Last chance! Your #FeaturedNFT can still win $200 until August 31‚¨áÔ∏è https://t.co/w4RHVEogH5
1432446169951703000,1630356755000,Enjoy annual interest rates as low as 6.2% with the #Binance Margin #BUSD promotionüëá
1432424339861876700,1630351550000,Binancians got together to complete some fun missions and receive rewards for #CarFreeDay in Ulaanbaatar	 Mongolia.‚Ä¶ https://t.co/Z4XslWK6io
1432398164569600000,1630345309000,.@BinanceFutures weekly market report: 		üî∏ #Bitcoin made a new 3-month high of $50	500	üî∏ MicroStrategy now has a to‚Ä¶ https://t.co/9am3xUhD50
1432372223399145500,1630339124000,Payday Card Special: Buy Crypto	 Share $17	500 Prize Pool		‚û°Ô∏èhttps://t.co/5BWY6jUu16 https://t.co/S3Lj7FCLAi
1432353514324435000,1630334664000,Join us on August 31 üóì at 1pm UTC‚åöÔ∏èfor an AMA in the Binance English Telegram group with Sam	 Co-Founder of‚Ä¶ https://t.co/Iz5pHQs2bu
1432314931119104000,1630325465000,#Binance NFT Launches Premium NFT Collection by The State Hermitage Museum: Featuring Tokenized Artworks of Leonard‚Ä¶ https://t.co/qtxpj5sbLm
1432307394688819200,1630323668000,#Binance Liquid Swap Adds $PHA/USDT Liquidity Pool		‚û°Ô∏è https://t.co/iilyf1jAKb https://t.co/hNJakdEPr7
1432255372643942400,1630311265000,#Binance Will Support the Paxos Standard $PAX Rebrand to Pax Dollar $USDP		https://t.co/gdX5UX07tN
1432248872877838300,1630309715000,RT @binance: $2	000 giveaway! üí∞		To enter:	üî∏ Retweet	üî∏ Follow @Binance 	üî∏ Complete Intermediate Verification on #Binance 	üî∏ Fill in this fo‚Ä¶
1432240583662350300,1630307739000,Important Updates to XTZDOWN #Binance Leveraged Token (2021-08-30)		https://t.co/1a77IZJUcZ
1432236310186668000,1630306720000,#Binance Australia today announced the appointment of Leigh Travers	 former DigitalX CEO and Director	 as Chief Exe‚Ä¶ https://t.co/FPNx8vRbKF
1432224419712323600,1630303885000,Buy $PSG	 $DENT and #C98 Directly Using Your Credit/Debit Card		https://t.co/wzgZFlaVT9
1432162446366724000,1630289110000,#Binance Will List @gnosisPM $GNO	https://t.co/ULCMNfaeVH
1432138669855494100,1630283441000,#Binance beach day https://t.co/lFoVJIRXGb
1432093382390788000,1630272644000,Stay SAFU ‚úÖ https://t.co/eH7jXTjvi8
1432078185299067000,1630269020000,üëÄ https://t.co/fkbQ5Du4nx
1432073593639288800,1630267926000,Starting soon: #Binance Futures Mondays &amp; Tuesdays bonus.		Share your first trade for any USD‚ìà-M or COIN-M Futures‚Ä¶ https://t.co/0vJRjBXnFv
1432040522831605800,1630260041000,If you‚Äôre squinting by the bottom row	 Dr. Safu says you might need help seeing things more clearly. https://t.co/5NJQ2a3F1T
1432010225859563500,1630252817000,#TeamBinance #BNB		üìΩÔ∏è by 'kevinwanganarizona' on Instagram https://t.co/0KqFnPdRUY
1432221396558516200,1630303164000,Some #Bitcoin network stats. https://t.co/sUedD6P8RM
1431186136987156500,1630056339000,RT @DeribitExchange: The August $BTC option expiry is shaping up to have 	almost $1.8B in open interest (37k contracts	 25% of all OI)		üîπBT‚Ä¶
1431184626022707200,1630055979000,RT @TIP_Network: Today	 @PrestonPysh sits down with @adam3us &amp; @Excellion. They talk about Blockstream‚Äôs newest announcement on producing #‚Ä¶
1430941451177762800,1629998002000,RT @woonomic: In a macro cycle context	 long term investors are still climbing towards their peak accumulation	 which marks bottoms. Early‚Ä¶
1430940512073117700,1629997778000,RT @michael_saylor: MicroStrategy has purchased an additional 3	907 bitcoins for ~$177 million in cash at an average price of ~$45	294 per‚Ä¶
1430939325533855700,1629997495000,"Central institutions are failing." @GaryGensler 		Right on schedule according to the Fourth Turning hypothesis.‚Ä¶ https://t.co/MvEeGpLwfm
1430330768811643000,1629852404000,The #Bitcoin miners successfully migrated 40%+ of the hashrate around the world in a few months with no disruption of the network.
1429900747324346400,1629749879000,$49	250.
1429900632568189000,1629749851000,RT @APompliano: The second half of this year is going to be WILD for bitcoin.		Went on @SquawkCNBC to explain why.  https://t.co/BLvrCCybbS
1429900600683090000,1629749844000,RT @APompliano: Bitcoin is a $945 billion asset today.		You can feel the TRILLIONAIRE ENERGY to start the week.
1429055945556914200,1629548462000,The Bond Bubble keeps inflating with the value of global bonds hitting a fresh ATH at $69T. https://t.co/ZAG4rIFgnu
1428944254877925400,1629521833000,RT @DeribitInsights: 1) The Eurex Bitcoin ETN news may have accelerated the Friday buyer earlier in the day than normal	 as large spot buyi‚Ä¶
1428942101216063500,1629521320000,RT @CaitlinLong_: WOW. @JeffSnider_AIP does great work on bond market plumbing. This is a must read.üßê	"Given what I just wrote	 you probabl‚Ä¶
1428863234463830000,1629502516000,$49	200.
1428780410905919500,1629482770000,$48	500.
1428776307710521300,1629481791000,https://t.co/4VTZre1XhN
1428627519230513200,1629446317000,"@massmutual announced today that its broker-dealer	 MML Investors Services (MMLIS)	 has entered into a placement a‚Ä¶ https://t.co/pI8WQNviTn
1428490102968176600,1629413555000,$46	500.
1428181591822528500,1629340000000,https://t.co/P8zjUIN13Q
1427663254168346600,1629216419000,#Bitcoin becomes legal tender in El Salvador in 22 days.
1432457659400208400,1630359494000,#Bitcoin education for all ages in Playa El Espino	 El Salvador üß° https://t.co/yHdNaeiavB
1432449985711382500,1630357664000,"The only meaningful difference between #Bitcoin plebs and pro athletes is that the latter tend to have tens- to hu‚Ä¶ https://t.co/XFvzkPmEzV
1432442784347312000,1630355947000,"In our quest to bring monetary freedom to the world we will succeed because we will hodl #Bitcoin longer than the‚Ä¶ https://t.co/Pf0YIWGLav
1432430785051742200,1630353087000,RT @DylanLeClair_: The options market is implying a 9.8% chance that $BTC is at or above 100k by the end of March 2022. 		Guys	 absolutely‚Ä¶
1432419781530038300,1630350463000,HODL #Bitcoin ‚úä https://t.co/9F8Hg649r0
1432415550353838000,1630349454000,RT @phjlljp: Join me (@phjlljp) and @BitcoinMagazine in ~3hours!  Guests today are: 	- @BitcoinErrorLog (of @thebizbtc)	- @juscamarena (of‚Ä¶
1432404168325619700,1630346741000,@SolodeogloriaEJ https://t.co/XSkGOauuCZ
1432397271920959500,1630345096000,RT @PeterChawaga: The prestigious @OsloFF has announced Bitcoin Academy programming to help human rights advocates	 policymakers and dissid‚Ä¶
1432381356710011000,1630341302000,"The objections to #Bitcoin adoption range from simple political opposition to President @nayibbukele	 to concerns‚Ä¶ https://t.co/0iC7DWv2AS
1432375525960523800,1630339912000,First they ignore you. 	Then they laugh at you.	Then they fight you	Then you win. https://t.co/d8AihyUS2c
1432363010971115500,1630336928000,Playing for the winning team ‚öΩ #Bitcoin https://t.co/WiyupZGBc2
1432361062792417300,1630336464000,RT @ProgrammableTx: Last week I shared a new notation format for sub decimal amounts in #Bitcoin.‚ÄØ I was pretty surprised by all the respon‚Ä¶
1432348694129651700,1630333515000,You can learn more about the activation of Taproot here:		https://t.co/amwqQtKQP8
1432346234526777300,1630332928000,Only 11	357 blocks until Taproot activates!		The upgrade will optimize the security and usability of the #Bitcoin network‚ö°Ô∏è
1432343182965190700,1630332201000,RT @AarikaRhodes: I am pleased to present my article "Teaching Financial Literacy in the Age of Bitcoin" for  	@BitcoinMagazine. When elect‚Ä¶
1432334032591855600,1630330019000,Meet Irma. The founder of a pioneering Colombian human rights group	 she has been working for women‚Äôs rights for de‚Ä¶ https://t.co/mzZL7GwxYh
1432322907422617600,1630327367000,RT @kit_sats: Go follow The Bitcoin Conference Instagram and join 7	500 others in the community üß°üî• https://t.co/9sXNSiSv1b
1432312901793194000,1630324981000,"This is the biggest story of this decade." @maxkeiser on #Bitcoin	 2011. https://t.co/taMBY4Sm0q
1432297346814070800,1630321272000,$8	000	000	000.		Weekly #Bitcoin transaction volume just set an all-time high‚ú® https://t.co/Y4USa5e4Ps
1432284044365029400,1630318101000,"President @nayibbukele  also noted that the government will facilitate the buying and selling of #Bitcoin in El Sa‚Ä¶ https://t.co/UASSh7TfH8
1432458312633757700,1630359650000,El Salvador: This woman sends $20 every month to buy flowers for the Church.		They‚Äôve been charging $5 to send $20!‚Ä¶ https://t.co/WdbGjVHVCh
1432447778307940400,1630357138000,@spcMnstr @intocryptoverse I wouldn't say this is totally wrong	 but it's pretty close :)
1432446759062675500,1630356895000,@KyleJustKnows @ACryptKeeper @SteveDunleavy @intocryptoverse if you pay attention to my tweets	 you will be able to‚Ä¶ https://t.co/WHEpa2aPea
1432443604899963000,1630356143000,@KyleJustKnows @SteveDunleavy @intocryptoverse why do you want to know?	It doesn't really matter who  i am :)
1432441118302642200,1630355550000,@intocryptoverse It was a joke‚Ä¶ 	I thought we were riffing	 not exchanging sincere investment opinions üòÇ ü§∑üèª‚Äç‚ôÇÔ∏è
1432439495211749400,1630355163000,@intocryptoverse I only buy.
1432439154483343400,1630355082000,@intocryptoverse It‚Äôs because you‚Äôre a coward. 	I demand satisfactionüëã
1432438867764842500,1630355014000,@Alco221 You should join.
1432438637052973000,1630354959000,@Ventoinha4 @intocryptoverse He‚Äôs a troll. I‚Äôm about to ban him from my premium list.
1432438458979586000,1630354916000,@intocryptoverse üíØ short it with everything you got üòÇ
1432433651896180700,1630353770000,RT @BTC_Archive: The Euro has lost ~30% of its value in just 22 years. 		Buy #Bitcoin¬†üòâ https://t.co/og7USEHHE6
1432430353776619500,1630352984000,@Sativo18 this is the way! :)
1432427103702687700,1630352209000,RT @BTC_Archive: In 2021 #Bitcoin has done the opposite of what the data suggested. 	üëá		Bearish September? 	Maybe. Maybe not üòâ https://t.co‚Ä¶
1432402540612788200,1630346353000,@michael_saylor Nature‚Ä¢Math‚Ä¢Blockchain
1432385300668506000,1630342242000,Here‚Äôs a closer look at El Salvador‚Äôs #Bitcoin ATM  https://t.co/hxASWSZZPS
1432385055431827500,1630342184000,El Salvador‚Äôs native #Bitcoin ATM now in action!  https://t.co/lvjO2DvpYe
1432378943894659000,1630340727000,@Tanzeel_Akhtar I'll take one of those capes.
1432378529426124800,1630340628000,I ‚ù§Ô∏è the irony. üòÇ 		U.S. Global Investors has added Grayscale #Bitcoin Trust shares to the following funds:		‚Ä¢ Gold‚Ä¶ https://t.co/mCTBWVgBnA
1432377663809892400,1630340421000,@MacroScope17 LoL i love this.
1432361828001144800,1630336646000,@jaffer_ali1 @teovito I agree that on-chain only tells you what happened	 not what will happen.		do you not believe‚Ä¶ https://t.co/t4gW9I82cv
1432463632969961500,1630360918000,"We hold #bitcoin and #ethereum... but we do also hold [altcoins]	 as a company	 when we think it makes sense	" Kgi‚Ä¶ https://t.co/GDB6gn5mdP
1432457131056320500,1630359368000,RT @BitcoinCom: Watch the latest https://t.co/H6z5iUeB88 Weekly Update where we touch on the recent #NFT explosion	 new records and groundb‚Ä¶
1432448749033431000,1630357370000,Kava Swap Lists on AscendEX https://t.co/QDAHbufnSR
1432433336861986800,1630353695000,The State Hermitage Museum and #Binance NFT Marketplace auction will feature #NFTs by the world-renowned artists' V‚Ä¶ https://t.co/XVz5V8kxci
1432425825165529000,1630351904000,According to a report	 the #enaira #wallet will serve as a means to transact value	 pending when banks and other in‚Ä¶ https://t.co/RHrlCF0CjE
1432403332212088800,1630346541000,Over $432 million worth of #ethereum has been burned and at the time of writing	 136	606 #ether has been burned. Yo‚Ä¶ https://t.co/6nrzQCvh7Y
1432398249520943000,1630345330000,On May 19	 he stated that #cryptocurrencies aren't real investments due to the fragility of their #value propositio‚Ä¶ https://t.co/MunQQHYMnJ
1432374795543490600,1630339738000,Most countries are still not compliant with the #crypto travel rule completely	 according to a report issued by the‚Ä¶ https://t.co/GNBlg5fJwN
1432373200898363400,1630339357000,Older #bitcoin mining machines like Bitmain‚Äôs Antminer S9 have seen a revival as every S9 model is profitable today‚Ä¶ https://t.co/oa3tk2W8NP
1432352008481255400,1630334305000,Authorities in #Russia investigate multiple cases of #crypto mining hardware theft this year. https://t.co/iFtp4vXXav
1432342730550792200,1630332093000,According to South African Reserve Bank governor Lesetja Kganyago	 #cryptocurrencies like #bitcoin only partially m‚Ä¶ https://t.co/fVZFiefcEO
1432327977375834000,1630328575000,Cryptowisser : Bitcoin and Ethereum Synergy Essential for Crypto Industry Growth https://t.co/oHigDrDXQR
1432322367322304500,1630327238000,"The IMF is getting nervous because companies and individuals are diversifying their wealth into #bitcoin and‚Ä¶ https://t.co/aMGnPcruA5
1432320255225892900,1630326734000,Detoken's founder said the main reason for shutting the #defi project down is because of the ‚Äúchanging regulatory o‚Ä¶ https://t.co/4cbBDtidSN
1432289793845629000,1630319472000,The #Central Bank of Nigeria is also on course to launch a #wallet for its #digital currency. https://t.co/72A2Ys4cIU
1432289705077444600,1630319451000,"The CFTC has aggressively used its broader enforcement authority to deter manipulation and fraud involving cash di‚Ä¶ https://t.co/tFphb18Wqo
1432259735793852400,1630312305000,Luis De Guindos	 current Vice President of the #ECB	 stated he thinks #crypto-assets should be regulated as any oth‚Ä¶ https://t.co/RJFERydr5A
1432236926271115300,1630306867000,The #Australian Department of Home Affairs acknowledged that it lacked the technical capabilities to implement a tr‚Ä¶ https://t.co/uexe1MNXfG
1432214352074100700,1630301485000,Russian man receives prison sentence for stealing #cryptocurrency mining equipment. https://t.co/iFtp4vXXav
1432207135216111600,1630299764000,Epic NFT Heroes Formula: NFT Collectibles	 Gaming Metaverse	 a Play-to-Earn Model and Yield Farming https://t.co/PAZJOkCq95
1432464267408781300,1630361069000,RT @brian_armstrong: Well written @nic__carter 		https://t.co/1bTgjq1qZn
1432452518831956000,1630358268000,The Central Bank of Nigeria is instructing local banks on the digital naira ahead of the October pilot	 Nairametric‚Ä¶ https://t.co/EQp7FR0Geb
1432444082975019000,1630356257000,Bitcoin is consolidating after a strong rally	 while altcoins such as Cardano's ADA and ether have outperformed BTC‚Ä¶ https://t.co/u2fY0wgkbX
1432438714588926000,1630354977000,NEW: Nigeria‚Äôs Central Bank	 @cenbank	 said Monday it will work with @BittGlobal to launch the ‚ÄúeNaira‚Äù CBDC later‚Ä¶ https://t.co/iaGlvHTCrj
1432436288544821200,1630354399000,"Trying to regulate all stablecoins like banks or [money market funds] runs the risk that they will be unable to do‚Ä¶ https://t.co/yiQ76pybpS
1432429173377798100,1630352702000,.@zhusu's Three Arrows Capital is betting on a ‚Äúcultural paradigm shift‚Äù with the launch of @StarryNight_Cap	 a ded‚Ä¶ https://t.co/21UngMpdu8
1432425379164303400,1630351798000,RT @CoinDeskMarkets: Digital-asset funds focused on altcoins have attracted fresh capital as bitcoin funds continue to suffer outflows	 acc‚Ä¶
1432423756992061400,1630351411000,‚ÄúIt‚Äôs nice to watch how we went from this weird niche product to everybody now talking about it	" says @TwinWinNerD‚Ä¶ https://t.co/n0mcv0oJDN
1432418209190355000,1630350088000,Hackers who stole ~$97M worth of crypto from @Liquid_Global appear to be using the privacy-focused @WasabiWallet to‚Ä¶ https://t.co/hhvDYxG8ts
1432418036166938600,1630350047000,LIVE: Global crypto population doubled in four months from 100 million to 200 million	 Cuba's central bank now reco‚Ä¶ https://t.co/o93PvDZzUy
1432414816229118000,1630349279000,Coming up on "All About Bitcoin": @QE4Everyone analyst @JasonADeane chats with @mikejcasey about #bitcoin transfer‚Ä¶ https://t.co/y7q3M2rPtn
1432403594582560800,1630346604000,A #bitcoin futures ETF "could do more damage than good	" @michael_venuto of @Torosoam tells #CDTV.		Watch the full‚Ä¶ https://t.co/qIIE3SXR1T
1432401824003367000,1630346182000,The prices of $CELO and $FTM	 the tokens of layer 1s @CeloOrg and @FantomFDN	 surged Monday after both projects ann‚Ä¶ https://t.co/9CfP1xOklG
1432400734147031000,1630345922000,The bulls have stumbled once or twice	 but bitcoin and crypto have now put together the longest mostly-winning stre‚Ä¶ https://t.co/HSvAUtaolA
1432398129903644700,1630345301000,The frenzy around NFTs is rooted in the same force that draws millions to the original Mona Lisa: Authenticity.		By‚Ä¶ https://t.co/GPSDt26AJK
1432392599160168400,1630343982000,With 370 million $FTM up for grabs	 @FantomFDN joins @avalancheavax and @CeloOrg in announcing major DeFi incentive‚Ä¶ https://t.co/6HKMwO6p6D
1432385741108220000,1630342347000,If the U.S. Congress were graded on its crypto knowledge	 it should get an "incomplete	" @IceMillerLLP's‚Ä¶ https://t.co/hWQZFpX1GJ
1432373157491585000,1630339347000,NEW: @ParallelFi raised $22 million in a Series A that valued the Polkadot- and Kusama-focused DeFi protocol at $15‚Ä¶ https://t.co/vDUW60db2i
1432372682788688000,1630339234000,LIVE: "The Hash" team chats today's hot stories on https://t.co/mSCLG2rvlE:		üë±‚Äç‚ôÇÔ∏èJohn Paulson calls crypto "worthle‚Ä¶ https://t.co/RpuBrty1xw
1432354181017489400,1630334823000,.@jacksonwoodHQ hosts the weekly show "Let's Talk About It" on Instagram to educate his audience on all things fina‚Ä¶ https://t.co/z1nlqvxwAq
1432472452249100300,1630363021000,Fantom saw a massive price increase after launching a $370 million incentive program. 		$FTM has gained 500% in the‚Ä¶ https://t.co/M6tTbFQx2u
1432472335320170500,1630362993000,Analysts expect regulators to approve a Bitcoin EFT soon	 and @noshitcoins says BTC options traders might use the L‚Ä¶ https://t.co/OWjlOqTdTa
1432466924160659500,1630361703000,The world of crypto never stops. 		Don‚Äôt get left behind by watching The Market Report	 Cointelegraph‚Äôs newest show‚Ä¶ https://t.co/ZRtRp7IsIs
1432464900421521400,1630361220000,Cointelegraph's Markets Pro gives you a heads up when altcoins are bubbling up in the market. 		Find out how subscr‚Ä¶ https://t.co/mrHi7Uq4rR
1432463138981621800,1630360800000,Ripple filed a motion to compel the SEC to disclose how much XRP its employees own. 		The court has reportedly give‚Ä¶ https://t.co/BBOv0WENe2
1432457627376648200,1630359486000,#Fantom price booked triple-digit gains as increased social media engagement and the launch of a 370 million $FTM i‚Ä¶ https://t.co/4XJYF8s0dN
1432455632288952300,1630359011000,If you're a 30-something and in South Korea	 you might've contributed to billions of dollars of deposits on crypto‚Ä¶ https://t.co/76PCXCbB9f
1432449803313631200,1630357621000,Should you be looking for the next bull wave for Bitcoin? If history rhymes	 September might not be your month as i‚Ä¶ https://t.co/4ZRMUKK98J
1432444264789811200,1630356300000,Is BTC finally ready to move beyond $50K? 		This week	 hodlers are looking for signs of Bitcoin‚Äôs long-awaited brea‚Ä¶ https://t.co/EMwlIwCbZo
1432441016510869500,1630355526000,New 'Mortgage Blockchain Lab' creates blockchain sandbox for mortgage	 tech and academic firms to R&amp;D new blockchai‚Ä¶ https://t.co/XtdYuSNFzV
1432440489031184400,1630355400000,According to @StephenStonberg	 CEO of Bittrex Global	 Dubai is uniquely positioned to benefit from global crypto ex‚Ä¶ https://t.co/g494AN2oDl
1432436717420781600,1630354501000,Bringing DeFi to the people. 		A consortium of leading decentralized finance protocols aims to address a lack of in‚Ä¶ https://t.co/EyCytN1ZJr
1432430929310634000,1630353121000,CELO	 Fantom and Keep3rV saw 50% rallies after new programs and updates were announced for the assets.		See how Coi‚Ä¶ https://t.co/tcDspK86IM
1432430564003311600,1630353034000,Traders are carefully watching Bitcoin‚Äôs price action because a break below the 200-MA could dent the current senti‚Ä¶ https://t.co/LSzeJwC959
1432430555824464000,1630353032000,The Bitcoin exposure represents up to 0.19% of the net assets in the funds https://t.co/VqRtjoO39c
1432425432834404400,1630351811000,OpenSea is hiring as the NFT summer goes bonkers. 		Currently	 the team of only 37 people is handling 98% of the no‚Ä¶ https://t.co/sGLTtV87Xh
1432421636561584000,1630350905000,Binance Australia has appointed @TraversLeigh as the company‚Äôs new CEO. 		Travers was previously the CEO of local b‚Ä¶ https://t.co/xyfaydSY45
1432415831456157700,1630349521000,Ripple wants the SEC to disclose how much XRP its employees hold. 		The court has reportedly given the SEC until Se‚Ä¶ https://t.co/W84gAM7bxy
1432410290990293000,1630348200000,Will Blockchain .com be the next crypto exchange to go public? 		CFO Macrina Kgil suggests that it could happen by‚Ä¶ https://t.co/zTr5HBcQpF
1432406539462234000,1630347306000,Crypto is here to stay	 but to shake its ‚ÄúWild West‚Äù reputation among critics it will have to make some concessions‚Ä¶ https://t.co/9voX9bA6RJ
1432422971910627300,1630351224000,RT @BloombergLive: How is @PayPal embracing digital acceleration and change catalyzed by the pandemic through agile adoption? We talk with‚Ä¶
1432394377553395700,1630344406000,RT @BloombergTV: ‚ö°Ô∏è The billionaire who made the famous bet against subprime housing‚Äîand made $20 billion while doing it‚Äîsays cryptocurrenc‚Ä¶
1432389988231098400,1630343360000,RT @Quicktake: Billionaire investor John Paulson says cryptocurrencies are a bubble that will ‚Äúeventually prove to be worthless‚Äù https://t.‚Ä¶
1432355957246464000,1630335246000,RT @BloombergTV: "I would describe cryptocurrencies as a limited supply of nothing." 		John Paulson‚Äîwho's famous bet against subprime housi‚Ä¶
1432319064148488200,1630326450000,RT @wealth: Cryptocurrencies are a bubble that will "eventually prove to be worthless	" billionaire investor John Paulson says https://t.co‚Ä¶
1432214436991885300,1630301505000,RT @business: NEW: "I would say that cryptocurrencies are a bubble. I describe them as a limited supply of nothing."		Billionaire investor‚Ä¶
1432009860623777800,1630252730000,FOMO remains alive and well in the crypto world	 with lesser-known tokens outperforming again in the wake of recent‚Ä¶ https://t.co/OgPbEGCzez
1431561689124704300,1630145878000,Test your crypto knowledge with our quiz https://t.co/jsS3xuNxBt via @wealth
1431443393742311400,1630117674000,All anyone in the digital-asset world wants to talk about are #NFTs https://t.co/HZ28ANmMZO
1431358108979314700,1630097341000,A Bitcoin ETF provider plans to offset the environmental impact of crypto mining by planting trees https://t.co/4EOWlNAPd7 via @crypto
1431352241844375600,1630095942000,If you want to be paid in Bitcoin	 here's how to do it https://t.co/e9TXmU3qYN via @bopinion
1431333865440821200,1630091561000,If you want to be paid in Bitcoin	 here's how to do it https://t.co/NMEl3ZzYb9 via @bopinion
1431326151042011100,1630089721000,The IMF raised doubts about El Salvador's Bitcoin embrace. Investors now show little concern https://t.co/RIrl9zCPsb via @markets
1431308447602053000,1630085500000,Triple your salary by playing a video game? Axie Infinity is becoming an unusual financial lifeline for the pandemi‚Ä¶ https://t.co/d4uxQzQhXd
1431302154627735600,1630084000000,El Salvador began installing Bitcoin ATMs	 allowing its citizens to convert the cryptocurrency into U.S. dollars an‚Ä¶ https://t.co/2WrmQLmo5c
1431288405707526100,1630080722000,Think you know crypto? Take our quiz https://t.co/Aam3y4mpsy via @wealth
1431287919004852200,1630080606000,Facebook is ‚Äòdefinitely looking‚Äô at digital assets as part of push into financial products	 executive says https://t.co/xxIQfoQUIA $FB #NFT
1431287918216286200,1630080606000,Triple your salary by playing a video game? Axie Infinity is becoming an unusual financial lifeline for the pandemi‚Ä¶ https://t.co/QSAYsyBPv4
1431287412974624800,1630080485000,A Pennsylvania Bitcoin miner is burning waste coal and getting government subsidies to do it https://t.co/KGHE2VEKYk via @bopinion
1431286598214291500,1630080291000,El Salvador began installing Bitcoin ATMs	 allowing its citizens to convert the cryptocurrency into U.S. dollars an‚Ä¶ https://t.co/yrm4k6Msul
1432464015318474800,1630361009000,#Solana hit another All-Time High of $116.85 today üî• https://t.co/pQsu9gMCUp
1432225015471165400,1630304027000,Over 2.3 Million of the #Bitcoin supply hasn‚Äôt moved in over 10 years! https://t.co/3Crg3WzMWW
1432078104625811500,1630269001000,NFT sales could surpass $1 Billion in August! Do you currently own a NFT?
1431967713711345700,1630242682000,Reminder: The dollar is rapidly being devalued against #Bitcoin
1431936236269232000,1630235177000,A shortcut to what	 wealth? https://t.co/jI8Q9Rt8fz
1431797808483520500,1630202173000,Will #Bitcoin hit $100	000 this year?
1431701180825186300,1630179135000,‚Äú#Crypto could replace or rival fiat currencies within five to ten years‚Äù		-76% of financial professionals surveyed by Deloitte!
1431684290388037600,1630175108000,@Rahul06847591 https://t.co/d0S92kreR9
1431666725230108700,1630170921000,#Solana just hit an All-Time High of $96.24 today. Hope y‚Äôall got on board with $SOL months ago when we listed it a‚Ä¶ https://t.co/5HCrs6qyGk
1431598066990305300,1630154551000,The #Bitcoin white-paper on display for all of downtown LA to see üëÄ https://t.co/abBaHxjdgv
1431562315502137300,1630146027000,ü¶ß @StephenCurry30 has joined the @BoredApeYC. Pretty soon everybody on Twitter will have an #NFT profile picture! https://t.co/6lSRatO4Eh
1431417081094938600,1630111401000,Jack Dorsey is looking to build a decentralized #Bitcoin exchange. The future looks bright üöÄ
1431366120448090000,1630099251000,@WClementeIII https://t.co/vRRfCxtnb2
1431323100256297000,1630088994000,Fidelity says 90% of their clients want #Bitcoin exposure. 		They predict #Bitcoin at:	2026: $1 Million	2030: $10 M‚Ä¶ https://t.co/FlBTAHDiC4
1431247826739150800,1630071047000,Cuba now officially recognizes and authorizes payments in #Bitcoin¬† and #Crypto üá®üá∫ https://t.co/EoZutvd2U3
1431089045761937400,1630033191000,See you at $52k #Bitcoin https://t.co/0BiIURL9uT
1431079184869335000,1630030840000,Somebody moved over $1 Billion in #Bitcoin for a fee of‚Ä¶‚Ä¶.$9.49 USD.		The legacy system can‚Äôt compete. https://t.co/ANDdRO5EnJ
1431053427937788000,1630024699000,‚ÄúLook at this #NFT I just minted‚Äù		https://t.co/7tIrXEHA92
1431047444494758000,1630023273000,Interesting #Bitcoin graphs from @clockwork_parts. It just outperforms all other assets and is programmed to contin‚Ä¶ https://t.co/fOGl7KhbS3
1430957885782114300,1630001920000,üì¢ Just In: @EASPORTS is looking for a senior director to explore #Cryptocurrency and #NFTs! Every company will soon‚Ä¶ https://t.co/eP2I7RiKuk
1148332950129434600,1562618884000,"I think the role of the disruptors and anything that is using distributed ledger technology	 whether you call it c‚Ä¶ https://t.co/IRnBqDnpxj
1148065615120339000,1562555147000,At the introduction of the Bill	 Senator Young said	 "Blockchain has the potential to be a catalyst for sustained e‚Ä¶ https://t.co/Xftc9qwejx
1138186102400016400,1560199687000,German Bank President says central bank digital currencies could destabilize the banking system.‚Ä¶ https://t.co/AchsbCIuFQ
1138093211937845200,1560177541000,Watchdog ‚Äî  (@CCNMarkets) Talks of banning cryptocurrency have been ongoing for some time	 as the Indian government‚Ä¶ https://t.co/mKDSJ38zwb
1131303138848378900,1558558661000,Crypto price drops are big	 but some fiat drops are bigger.  https://t.co/VkMxa5epLL   #bitcoin #cryptocurrency #crypto #cryptorising
1130871956188934100,1558455859000,Switzerland becomes home to FB Crypto plans. https://t.co/1h4NfXifyN  #cryptorising #bitcoin #cryptocurrency #crypto
1130845372845310000,1558449521000,Where do you go when your fiat isn't secure? https://t.co/ciWRCmMlRn  #crypto #cryptocurrency #bitcoin #cryptorising
1123982521962848300,1556813290000,Is there a link to Tether?  https://t.co/wttPIw5HIz  #cryptonews #cryptocurrencies #cryptocurrency #bitcoin #crypto
1123951036530593800,1556805783000,The future is coming! https://t.co/pBNWp9Kge7 #cryptocurrency #cryptorising #bitcoin #cryptocurrencies #crypto
1122193834505580500,1556386834000,There have been such figures published	 but ultimately many things are left out such as crimes which go unreported.‚Ä¶ https://t.co/B6bJRd23RU
1122071958391271400,1556357776000,Bitfinex puts the blame back on the NY Attorney General. https://t.co/3rGl9DIHib  #cryptonews #cryptocurrency‚Ä¶ https://t.co/k3HvwAyWqN
1121986693928767500,1556337447000,Think a $10 billion investment by Russia would have on the price of Bitcoin? https://t.co/EL4POkDWsj  #bitcoin‚Ä¶ https://t.co/rNm6MBiPY2
1121963609490370600,1556331944000,Mueller Report showed Russian efforts to interfere with the 2016 U. S. presidential election used Bitcoin. election‚Ä¶ https://t.co/Omi1p85fSM
1111334703603351600,1553797815000,Dan Berkovitz: CFTC Is Working Hard on the Bakkt Application https://t.co/lW2747S1gH
1111249086957736000,1553777402000,Theresa May Creating Dangerous Divisions as UK Heads Over the Cliff https://t.co/PyOPQSQJe6
1110972304060829700,1553711412000,UPS Integrates Blockchain Platform to Improve Merchant Supply Chains #cryptonews #crypto #blockchain https://t.co/y3JGod7lM6
1110886694532845600,1553691001000,Bitcoin Savings Accounts: Crypto‚Äôs Next Big Thing? https://t.co/ScDJGXP4M0
1110609915729580000,1553625012000,Mexican Central Bank Looks to Hamstring Cryptocurrency Exchanges https://t.co/NQcKHpDl4o
1110524311809478700,1553604603000,Tim Draper-Backed Tezos Soars 70% In Three-Day Bull Run https://t.co/OdkjJDo0do
1110247530640695300,1553538613000,Japan: SBI Group Sets Up Spin-Off to Manufacture Crypto Mining Chips #cryptonews #crypto #blockchain https://t.co/xpD1mPxH7R
1432312151071395800,1630324802000,New #BTC and #USDC trading pairs are now available in the https://t.co/vCNztATkNg Exchange.		Trade $AVAX with $BTC	‚Ä¶ https://t.co/Is8roWOmAa
1432297048213180400,1630321201000,The https://t.co/vCNztATkNg Weekly Market Update:	üìä Price and volatility indices are up	 volume index down	üìà Top 3‚Ä¶ https://t.co/ekz4tjlNVw
1432086313243746300,1630270958000,@CobraKidJay Hi there. Please feel free to DM us with your referral code and brief explanation of your query	 and t‚Ä¶ https://t.co/XZyDlEXFfI
1431857506326884400,1630216406000,@zheng_desmond @StarLinkETH Hello! Please message us directly with your inquiry for information on the matter	 please. Thank you in advance!
1431852503218507800,1630215213000,@peteh81 @kwchylinski Hi there! Please DM us with your inquiry	 and we'd be happy to provide you with the informati‚Ä¶ https://t.co/M9d4KYbjlu
1431708163645005800,1630180800000,$EFI Supercharger: 3 days left! 		üî•USD 400	000 allocation with higher APYüî•	 	üí∞Deposit $CRO &amp; farm #EFI with 1 click‚Ä¶ https://t.co/WCLeitEOMW
1431630968633184300,1630162395000,RT @AstonMartinF1: The countdown is on.		#BelgianGP #F1 https://t.co/35LXvNPgqM
1431511868904919000,1630134000000,üîíSecurity Setting Tips for Telegram		‚úÖ Enable 2FA	‚úÖ Enable ‚ÄòPasscode Lock‚Äô	‚úÖ Only allow your contacts to view your‚Ä¶ https://t.co/d39jcFdEx0
1431247766194245600,1630071033000,Not a https://t.co/vCNztABJoG App User? Sign up now üëâ https://t.co/RcEcwcZdPF 	Details üëâ https://t.co/REXOZZSOjE 		@ufc	#CROFighters
1431247629355131000,1630071000000,UFC ticket giveaways are back üëä	üí∞ Trade $CRO in the https://t.co/vCNztABJoG App to win UFC goodies ‚ú® 		Prizes: 	üéüÔ∏è‚Ä¶ https://t.co/2yjVpzZoYb
1431243823389106200,1630070093000,RT @cryptocomnft: Get your #CryptoPoker #NFT now üëâhttps://t.co/XgQGUnRfaz https://t.co/wTCJv3neZH
1431217429804302300,1630063800000,https://t.co/vCNztABJoG Exchange lists My Neighbour Alice $ALICE	Trade the #ALICE #USDT pair now.		Sign Up üëâ‚Ä¶ https://t.co/ONIfwSWK2T
1431210571580395500,1630062165000,RT @cronos_chain: Introducing a new testnet for Cronos:	 	‚öõÔ∏è Latest Cosmos SDK and IBC support	üîß Consistent EVM behaviour and bug fixes htt‚Ä¶
1431176220834558000,1630053975000,For more details - https://t.co/0xFKTk60MJ 	@iotex_io
1431175904445747200,1630053900000,IoTeX is listed in the https://t.co/vCNztATkNg App üîî 	Buy $IOTX at true cost with USD	 EUR	 GBP	 and 20+ fiat curre‚Ä¶ https://t.co/hNqY7mzsie
1431144322032758800,1630046370000,For more details - https://t.co/TF1msRyuaM 	@YieldGuild
1431144319553917000,1630046369000,Yield Guild Games is now listed in the https://t.co/vCNztABJoG App üîî 	Buy $YGG at true cost with USD	 EUR	 GBP	 and‚Ä¶ https://t.co/2Nln4Uim1F
1431121329357353000,1630040888000,RT @DeRaceNFT: üî•$DERC is LIVE on https://t.co/u8LQfLcyQO Mobile App üî•		You can now acquire $DERC easily with just a few clicks on your mobi‚Ä¶
1430863316176441300,1629979373000,RT @cryptocomnft: Are you ready for our first #CryptoPoker #NFT drop?		üéÅ 11	000 CryptoPoker Packs	üõí USD 10 each 	üí∞ Participate in Crypto Ho‚Ä¶
1430852685951996000,1629976838000,For more details - https://t.co/qVRwMHDOzt 	@DeRaceNFT
1432194463410147300,1630296743000,üö®BREAKING: JAKE PAUL BEATS TYRON WOODLEY IN THE 8TH ROUND #paulvswoodley 		AND LOGAN PAUL IS RELEASING A CRYPTOCURR‚Ä¶ https://t.co/MREx7r3Nqa
1431986354305519600,1630247126000,The Diamond hands will be rewarded 		#VeChain | $VET https://t.co/3cbb80Ng7Y
1431662696320094200,1630169960000,The #SAFEMOONWALLET is officially live! 		#SAFEMOON | #BinanceSmartChain 		https://t.co/El43MOCAtd
1431417539519778800,1630111510000,$VET #VeChain is getting ready to EXPLODE üìà https://t.co/wVk3PjmPqy
1431269595214762000,1630076237000,12-year-old coder has earned over $400	000 selling #NFTs		https://t.co/35AmCIkUa0
1431058931972026400,1630026011000,@WatcherGuru #VeChain
1431048018380398600,1630023409000,The Top 10 Most Expensive #NFTs		https://t.co/WAIOMMgFfj
1430953904980779000,1630000971000,@WatcherGuru #VeChain
1430949251971002400,1629999862000,Everything You Need To Know About Logan Paul‚Äôs #NFT-Based Project #CryptoZoo ( $ZOO ) @CryptoZooCo 		Official Launc‚Ä¶ https://t.co/GkpWyxIfGF
1430940755913330700,1629997836000,RT @WatcherGuru: Reply with your favorite #NFTs
1430734896113328000,1629948755000,Everything You Need To Know About Non-Fungible Tokens (#NFTs): The Future of Art		https://t.co/4JdrxQB95R
1430643787668279300,1629927033000,@WatcherGuru üìà
1430643747457540000,1629927024000,RT @WatcherGuru: WatcherGuru is on display today in NYC. üèô		We continue to elevate the industry standard üìà https://t.co/m0uqk42Aa6
1430617037559279600,1629920655000,Lonely Alien Space Club #NFT: Everything You Need to Know		#SpaceClub | @thelonelyaliens 		https://t.co/87EuolN9Kv
1430352872731029500,1629857674000,üö®Logan Paul has announced he‚Äôll be releasing a #NFT project on September 1st	 2021 		@CryptoZooCo | #CryptoZoo 		https://t.co/HQPQlr6LNU
1430350417041543200,1629857088000,RT @WatcherGuru: Reply with your favorite #NFTs
1430325744392147000,1629851206000,#0N1Force NFTs have absolutely exploded over the last few days! üìàü§Ø		@0n1Force | #NFTs 		https://t.co/XolZVa9Oz6
1430316588725588000,1629849023000,RT @WatcherGuru: A picture of a ROCK has sold for $1.3 Million ü§Ø		#EtherRock | #NFTs 		https://t.co/KtNdORf29R
1430181121879335000,1629816725000,How Much #DogeCoin is Elon Musk HODLing? ü§îü§ë		#Dogecoinarmy | #Bitcoin¬†		https://t.co/bKS7XDHSUe
1430056492242284500,1629787011000,RT @WatcherGuru: Very impressive growth @thelonelyaliens üìà		#NFTs | #LonelyAliens https://t.co/CH6evnXb9K
1432161885114224600,1630288976000,RT @StrawberryDeFi: üôÇ #BinanceUSD pool now gives over 1	200% APY.		You can make good chunk of money from it! üåû		https://t.co/Z2G7d91FJ6		 @‚Ä¶
1432156494322090000,1630287691000,RT @VextPro: üòÉ #Aave Pool now over the 6	500% APY!		Hold #Aave and earn #VEXT üéÇ		https://t.co/UGoTNJju1W		@AaveAave #DeFi #BSC #Farming #bl‚Ä¶
1432156478744506400,1630287687000,RT @cz_binance: What use cases should #bnb have?
1431086148915445800,1630032500000,RT @BitScores: üéâ The amount of funds in the liquidity pool exceeded $45	000	000!	üéä More than 85	000 investors at the moment.		‚ù§Ô∏è‚ù§Ô∏è‚ù§Ô∏è Thank‚Ä¶
1431080057146118100,1630031048000,RT @StrawberryDeFi: üôÇ #AlpacaFinance pool now gives over 2	100% APY.		You can make good chunk of money from it! üåû		https://t.co/VLjzMdsvb6‚Ä¶
1431075176146423800,1630029884000,RT @VextPro: üòÉ #PancakeBunny Pool now over the 9	100% APY!		Hold #BUNNY and earn #VEXT üéÇ		https://t.co/cqKUw2beiF		@PancakeBunnyFin #DeFi #‚Ä¶
1431075150988972000,1630029878000,RT @binance: If your pups are also trading on #InternationalDogDay	 we definitely want to see ‚¨áÔ∏è https://t.co/htsfkgVhuA
1430723109338898400,1629945945000,RT @StrawberryDeFi: üôÇ #Mobox pool now gives over 5	400% APY.		You can make good chunk of money from it! üåû		https://t.co/WhniwhTeOP		 @MOBOX‚Ä¶
1430715328028422100,1629944090000,RT @VextPro: üòÉ #Coin98 Pool now over the 13	700% APY!		Hold #C98 and earn VEXTüéÇ		https://t.co/gdZTkVSh2P		@coin98_wallet #DeFi #BSC #Farmin‚Ä¶
1430715296084594700,1629944082000,RT @BinanceChain: The new Next-Gen Decentralized Derivatives Trading Protocol builds on #BSC		Join #AMA for the insight: Limitations of CEX‚Ä¶
1430715278267195400,1629944078000,RT @Biswap_Dex: üí∞Twitter Giveaway - $300 in BSW!üí∞	          Gain bright BSW Rewards!		üìÜEnd date: September 1st		üß°&amp;RT this post 	‚ö°Ô∏èFollow @B‚Ä¶
1430454476209524700,1629881898000,RT @VextPro: üòÆ #PancakeSwap Pool now over the 12	900% APY!		Add #CAKE tokens to your pool now so you don't miss out on this unique opportun‚Ä¶
1430452707970752500,1629881476000,RT @MOBOX_Official: üéâMOBOX's Twitter 100K PAR-TAY Giveaway!ü•≥		How to enter:		‚úÖFLW	RT	 Tag 3 friends	‚úÖJoin Our Telegram say "100K Par-tay" S‚Ä¶
1430356594160771000,1629858561000,RT @StrawberryDeFi: üìà #PancakeSwap pool now gives over 6	500% APY.		You can make good chunk of money from it! üåû		https://t.co/ajhpeyNxp4‚Ä¶
1430349805134483500,1629856942000,RT @VextPro: üí£ #BinanceCoin Pool now over the 17	500% APY!		Try to bulid your passive income on #VEXT!		https://t.co/tawIe9jzQb		 @binance‚Ä¶
1430349746816917500,1629856928000,RT @binance: Who should be the next company to put #Bitcoin onto their balance sheets? https://t.co/8gr17fhauU
1429998436288434200,1629773169000,RT @StrawberryDeFi: üìà #VENUS pool now gives over 10	500% APY.		You can make good chunk of money from it! üåû		https://t.co/JyE8L2GrCJ		 @Venu‚Ä¶
1429992092487594000,1629771657000,RT @VextPro: üí£New GiveAway 2	000 $BNB!		To Participate:	‚úÖ Follow @VextPro	‚úÖ Tag 3 people and retweet	‚úÖ Post a screenshot of #BNB Farming Po‚Ä¶
1429981184503816200,1629769056000,RT @MOBOX_Official: ‚ú® Magic #MOBOX Monday ‚ú® 		You have One Wish What Do You Wish For? ü§î 		Comment üëá 		1Ô∏è‚É£ x #NFT #MOMO To 1Ô∏è‚É£ Random Winner‚Ä¶
1428957360740081700,1629524958000,@PancakeSwap @binamonok @GNT_token @SeedifyFund @RampDefi @BunnyPark_BSC Cool $BNB farm https://t.co/fq5fqS8v0E
1432434985303253000,1630354088000,Here is our weekly collection of digital asset #listing and #delisting	 trading pair-related announcements by‚Ä¶ https://t.co/pg9IDEGQjU
1432409178887311400,1630347935000,üö® An auditor has warned that Mexicans must pay tax on #Bitcoin and #altcoin trading profits or run the risk of beco‚Ä¶ https://t.co/7KlsE2kEzm
1432407839679598600,1630347616000,üö®New Podcast with @iggynore	 Chief Artist of @Dogs_Unchained. 		In this conversation	 we discuss:	- Current #NFT ma‚Ä¶ https://t.co/azLKtp9Mre
1432392309795172400,1630343913000,#Crypto businesses are seeking access to the US Federal Reserve‚Äôs payments systems that legacy finance institutions‚Ä¶ https://t.co/RELUj5d2EE
1432370814217752600,1630338788000,‚ö°Ô∏è Today's #cryptonews:		- @StephenCurry30 joins the Bored Ape Yacht Club (@BoredApeYC).	- @Square's new division i‚Ä¶ https://t.co/ikTE1Fvrp7
1432348910127919000,1630333566000,The US Congressional Research Service (CRS) is reminding lawmakers of trade-offs and risks related to potential for‚Ä¶ https://t.co/75yab9V2bG
1432344148187795500,1630332431000,@mattzahab @iggynore @Dogs_Unchained @opensea üëÄüéôÔ∏èüêï
1432344057641119700,1630332409000,RT @mattzahab: New @cryptonews Podcast with @iggynore	 Chief Artist of @Dogs_Unchained 		We discuss:	- Current NFT market	- Inspiration for‚Ä¶
1432338905819385900,1630331181000,üìâ After reaching the positive zone last week	 the average 7-day moving #crypto market sentiment score for ten major‚Ä¶ https://t.co/4gaUWqqwZA
1432322541557887000,1630327279000,- #Bitcoin price is trading above the $46	200 and $47	000 USD support levels.	- #Ethereum is well above $3	050 USD.‚Ä¶ https://t.co/mr8I8jkly5
1432289477775564800,1630319396000,üìà #NFT-related activity continues accelerating on both @Solana and @FantomFDN. #SOL #FTM		https://t.co/Nykq7McUrA
1432271406218219500,1630315088000,üö® #DeFi project @CreamDOTFinance confirmed that they've suffered an exploit today. #CREAM 		https://t.co/qvx8wGP9T2
1432265697376223200,1630313727000,‚ÄúThe working class rejects cryptocurrencies. No to #bitcoin.‚Äù #ElSalvador		https://t.co/fPhjpN8lun
1432201612219535400,1630298448000,- #Bitcoin price is trading in a range below USD 49	000.	- #Ethereum is facing resistance near USD 3	250.	- #XRP is‚Ä¶ https://t.co/w3Oo1zK8v7
1432158382534840300,1630288141000,‚ÄúBoth Benedict and Oliver are skilled software developers and computer science students. Both were minors when they‚Ä¶ https://t.co/6orgvq9z69
1432101255556604000,1630274521000,‚ÄúLarge-scale‚Äù sell-offs and withdrawals are almost inevitable at this stage.		https://t.co/9gUSiot4ZA
1432055704580464600,1630263660000,While most observers agree that #DeFi will likely suffer from ongoing regulatory uncertainty in the short-to-medium‚Ä¶ https://t.co/fe2MFg4gRO
1432021731280052200,1630255561000,While emerging markets are powering #cryptocurrency adoption across the world	 the importance of experienced trader‚Ä¶ https://t.co/UY7kMPKRlN
1431987276150620200,1630247346000,Let's explore the fundamentals of fiat-to-crypto and crypto-to-crypto trading ‚Äì and discuss which one may be the mo‚Ä¶ https://t.co/NE1o8qVNuQ
1431961138812629000,1630241114000,Nixon‚Äôs action had profound and long-lasting effects on the @IMFNews	 #SouthAfrica and #Africa.		https://t.co/2sPuaDuH4B
1432466978279678000,1630361716000,Top 3 Coins To Watch Today: ICX	 RAY	 ZIL ‚Äì August 31 Trading Analysis		https://t.co/CHAeAlZWkc	#CryptoNews‚Ä¶ https://t.co/u9SdV9F61M
1432349956610961400,1630333816000,MBOX Token Surges 160% After Listing on Binance Staking Launchpool		https://t.co/2yJjZMkYeO	#CryptoNews #MarketAnalysis #Trading
1432202732312608800,1630298715000,Binance Australia Appoints Leigh Travers (DigitalX) As New CEO		https://t.co/PuggmqupHA	@Binance_AUS #CryptoNews #BinanceAustralia
1432164250819051500,1630289540000,@ethadvocate @BlockchainAUS @FinancialReview @ajamesbragg @SenatorHume @Innov_Aus Shall we make our own billboard? üòá
1432134749032702000,1630282506000,Crypto Enthusiasts Purchase Billboard Attacking US Senator		https://t.co/Z8PhFJ1XcV	#CryptoNews #Regulation‚Ä¶ https://t.co/ZZyGJqwCB8
1432124674071093200,1630280104000,Top 10 Performing Cryptos Of The Week	 29 August 2021	 powered by @Binance_AUS 		1. Automata Network $ATA +136.02%‚Ä¶ https://t.co/Rlb65jV8l0
1432104589982109700,1630275316000,Top 3 Coins To Watch Today: AION	 REN	 SUSHI ‚Äì August 30 Trading Analysis		https://t.co/kSQEY4CsE7	#CryptoNews‚Ä¶ https://t.co/rIJFVf0s2W
1432101325601493000,1630274537000,Top stories today:	1. Heres How Much Your $1	200 Stimulus Check Would Be Worth In Various Cryptocurrencies In 2021‚Ä¶ https://t.co/PI75nZpWPJ
1431844623211802600,1630213335000,Top stories this week:	1. Number of Cardano Millionaires Skyrockets: 1	850% Increase in the Last Month	2. Report: T‚Ä¶ https://t.co/HJpd1TDmeG
1431738948603322400,1630188140000,Top stories today:	1. Security Warning: Hackers Can Copy Your Clipboard to Gain Your Crypto Information	2. Cardano‚Ä¶ https://t.co/g4tQf70W2w
1431421822780821500,1630112531000,Investors Lose $119 Million in Dogecoin Mining Scam		https://t.co/Sb9mO6EGQS	#CryptoNews #Dogecoin #Scams
1431417572352790500,1630111518000,Australia‚Äôs DeFi Adoption Growing Rapidly	 Ranking 12th of 154 Countries		https://t.co/SUwuYU3LOB	#CryptoNews #Australia #Blockchain #DeFi
1431417570255593500,1630111517000,Tezos Soars 29% in a Day Amid Adoption by Swiss Banking Giants		https://t.co/TnBFcUsnYo	#CryptoNews #Blockchain #Banking #Regulation
1431417567894196200,1630111517000,eToro‚Äôs Q2 Crypto Income Skyrockets: Up 23X Compared to Last Year		https://t.co/QmVOfIBoiI	#CryptoNews #Trading #EToro
1431410016687468500,1630109716000,Security Warning: Hackers Can Copy Your Clipboard to Gain Your Crypto Information		https://t.co/qdCitRSep5‚Ä¶ https://t.co/sKrxEtzZUS
1431406730509013000,1630108933000,Microsoft Crypto Patent Granted	 Allowing Users to Create Own Tokens		https://t.co/HFGrBUZaPA	#CryptoNews #Tokens #Industries #Blockchain
1431376554425307100,1630101738000,Top stories today:	1. Number of Cardano Millionaires Skyrockets: 1	850% Increase in the Last Month	2. Top 3 Coins T‚Ä¶ https://t.co/lfupyPcz02
1431059490221211600,1630026144000,TRON Partners with https://t.co/B0MeabC1lP to Integrate TRX into E-Commerce		https://t.co/2vWiVOlA2h	#CryptoNews #Payments #TRON
1431059487054499800,1630026144000,Facebook Exploring NFTs as Part of ‚ÄòReady‚Äô Digital Wallet		https://t.co/w7DaZFa0jk	#CryptoNews #Facebook #NFTs
1431055148072198100,1630025109000,Man Robbed of 16 Bitcoin Sues Young Thieves‚Äô Parents		https://t.co/ChJEdwz2Ey	#CryptoNews #Scams #Bitcoin
1414568593677750300,1626094408000,–ù–∞ —ç—Ç–æ–π –Ω–µ–¥–µ–ª–µ –Ω–µ–≥–∞—Ç–∏–≤ –Ω–æ–≤–æ—Å—Ç–µ–π —Å–ø–æ—Å–æ–±–µ–Ω —Å—Ç–∞—Ç—å –ø–æ–∑–∏—Ç–∏–≤–æ–º –¥–ª—è Bitcoin #–ë–∏—Ç–∫–æ–∏–Ω #BTC $BTC #—Ç—Ä–µ–π–¥–∏–Ω–≥ #–∫—Ä–∏–ø—Ç–æ–≤–∞–ª—é—Ç—ã‚Ä¶ https://t.co/9CDxkEnKXb
1414521341076770800,1626083142000,Five Biggest Altcoin Gainer Showcase ‚Äî July 5-12 #altcoins #trading #cryptocurrency #blockchain‚Ä¶ https://t.co/LREudFE9B3
1414501827131977700,1626078490000,Starting soon: #Binance Futures Mondays &amp; Tuesdays bonus.		Share your first trade for any USD‚ìà-M or COIN-M Futures‚Ä¶ https://t.co/SzKXflJSGI
1414499840642400300,1626078016000,6YO Cardano Still Compensates Lack Of Adoption With Plans &amp; Hopes #altcoins #trading #cryptocurrency #blockchain‚Ä¶ https://t.co/WMnhY11fUY
1414499745599533000,1626077994000,Top 3 Coins to Watch July 12 - July 18	 2021 #altcoins #trading #cryptocurrency #blockchain	https://t.co/amrKTV21uV https://t.co/4qDdyuhXkG
1414499619577401300,1626077964000,Top 5 cryptocurrencies to watch this week: BTC	 LUNA	 ATOM	 CAKE	 FTT #altcoins #trading #cryptocurrency‚Ä¶ https://t.co/vf6nLpNPgg
1414499529349640200,1626077942000,Self-Proclaimed Satoshi Arrested Over Bitcoin Fraud #security #cryptocurrency #blockchain	https://t.co/vGxp3IPEq2 https://t.co/3CBJHay6nC
1413461447875592200,1625830444000,Elon Musk Explains Why Dogecoin Will Be Superior to Bitcoin and Ethereum After Its Big Upgrade #altcoins #trading‚Ä¶ https://t.co/fR3ILAKU3J
1413185872586059800,1625764742000,Bitcoin price at risk of $30K retest following bearish triangle breakdown #Bitcoin #BTC $BTC #trading‚Ä¶ https://t.co/H7Accxgzip
1413185787198378000,1625764722000,Banking Giant Santander UK Bans Payments to Binance #exchange #market #cryptocurrency #blockchain‚Ä¶ https://t.co/sLRel9nMr1
1413075532183388200,1625738435000,Elon Musk Receives Amusing Request to Start Pumping Bitcoin Again But He Says "No" #Bitcoin #BTC $BTC #trading‚Ä¶ https://t.co/R1ILN9cZGY
1413073129979752400,1625737862000,Earn Up to 20% APY on #RIF	 #VITE	 #ARPA and #BEL with Binance Savings		‚û°Ô∏è https://t.co/xrxMwz5yXm https://t.co/iE9VdQgJr3
1413072747299758000,1625737771000,Bitcoin Crash Below $30	000 Expected by Peter Brandt as He Launches Twitter Poll to Estimate Chances #Bitcoin #BTC‚Ä¶ https://t.co/KUSRLbQPz9
1413068457537687600,1625736748000,Dogecoin 'rival' token Floki rugpulls...twice #altcoins #trading #cryptocurrency #blockchain	https://t.co/GcH5gvVwvd https://t.co/PF9AEDiqsl
1413068377921364000,1625736729000,City of Miami Is Now Hosting the Bitcoin Whitepaper on its Official Website #Bitcoin #BTC $BTC #trading‚Ä¶ https://t.co/q0uWBFEIjK
1412714742733496300,1625652416000,Trade ‚Äã‚Äã#POND &amp; Win a Share of $50	000!		‚û°Ô∏è https://t.co/xrxMwz5yXm https://t.co/4QHkfFtGDX
1412713038776520700,1625652010000,Leading Ethereum Developer Proposes Date for Mainnet Activation of London Hard Fork (EIP-1559) #Ethereum #ETH $ETH‚Ä¶ https://t.co/QT806p3mlZ
1412712937635078100,1625651985000,SHIB Becomes ETH‚Äôs 3rd Largest Consumer of Gas as ShibaSwap Goes Live #altcoins #trading #cryptocurrency‚Ä¶ https://t.co/9kSA2GtEML
1412712836904673300,1625651961000,Bitcoin Trims Gains as PBOC Steps Up Crypto Crackdown #Bitcoin #BTC $BTC #trading #cryptocurrency #blockchain‚Ä¶ https://t.co/ZPzE1387At
1412712778251571200,1625651947000,Ethereum‚Äôs Max. Price Lies in the Range of $75k to $175k ‚Äì ETH Analyst #Ethereum #ETH $ETH #trading #cryptocurrency‚Ä¶ https://t.co/hyYgW1bjaK
1408699606440059000,1624695133000,RT @PeterMcCormack: El Salvador is airdropping $30 of #bitcoin to every adult in the country.
1405083241263124500,1623832924000,RT @CharlieShrem: #Bitcoin https://t.co/szQDyZJxmq
1404453107610816500,1623682688000,RT @cryptorials: Staking VS other ways of earning on cryptocurrencies ‚Äì what makes most¬†sense https://t.co/Hry7QtqMxt
1404448194910724000,1623681517000,Long term trend continuation pattern forming - #BTCUSD #bullish TradingView https://t.co/HhjSnOyFOJ
1403355948320755700,1623421105000,RT @VigilanteCrypto: 1st GIVEAWAY from https://t.co/i16JlliJTD‚ÄºÔ∏è		We‚Äôre giving away a @DollarVigilante Premium + Crypto Vigilante Annual Me‚Ä¶
1402613168661274600,1623244013000,RT @safepress: Just gobsmacked myself again with what https://t.co/2HjSlB8aHY will be able to do.		By minting a DBC	 #Bitcoin or any other‚Ä¶
1398681913435508700,1622306729000,RT @SotRos25: Hold onto your seats! @safenetworktech is clocking in at 19K TPS	 &amp; that‚Äôs just the beginning. @maidsafe is wicked fast where‚Ä¶
1381892782219010000,1618303888000,RT @SotRos25: Hey @lexfridman! Now that @maidsafe has launched the latest @safenetworktech testnet	 now would be a great time to chat with‚Ä¶
1380809417902469000,1618045594000,RT @safenetworktech: We have lift off! @MaidSafe has just released the Fleming Testnet!! Now you can join the public shared-network that pr‚Ä¶
1380808726769193000,1618045429000,RT @maidsafe: All aboard!! We‚Äôve just released the public shared testnet that includes all the essential functionality to confirm @safenetw‚Ä¶
1372943238009589800,1616170150000,RT @SotRos25: More people are contributing to the BambooGarden Fund to support @safenetworktech! The fund is now up to 1101 $ETH. If you‚Äôre‚Ä¶
1371111364085825500,1615733397000,Check out this page from Wildography https://t.co/jlSexZYFFn
1363417231758131200,1613898973000,RT @AlohaDefi: $ALOHA		üí•Only one day left!		üí¨ Join us at https://t.co/G21hiOiXt8		üåê https://t.co/ehg27oUcyr https://t.co/6RKBNyZfo7
1363075246979440600,1613817438000,RT @maidsafe: We‚Äôre building @safenetworktech to have stable	 low-cost transaction fees. Why? Because you can‚Äôt put a price of freedom. #da‚Ä¶
1361320396696539100,1613399049000,RT @SotRos25: What matters most to you about #dApp Platforms	 #Web3 &amp; #Decentralized #Data Storage? Please take	 retweet	 &amp; share this ~5 m‚Ä¶
1359588794278826000,1612986203000,RT @safepress: Ooo	 I hadn't dared think this: Safe Network beta is "close"	 probably a small number of test networks away.		https://t.co/Y‚Ä¶
1220717595457966000,1579876729000,Estonian Company ITEZ Enables BTC Trading Via Visa/MasterCard Credit Cards - https://t.co/nzNt6XgSOU via @cryptorials
1210515359746408400,1577444326000,RT @presearchnews: Merry Christmas everyone üå≤üéÅ We've just announced the changes in our referral program. Interested? Check it out at https:‚Ä¶
1198989779041476600,1574696414000,Ixinium to Announce IEO Launching on December 5th on P2PB2B. | Cryptorials - https://t.co/ogq67dGds8 via @cryptorials
1187779878965239800,1572023765000,üî• [BOUNTY] [ICO] https://t.co/2fQMf3LXxZ - $2.4M worth of CANO Tokens üî• https://t.co/OS4cGCVuSP
1432337262226940000,1630330789000,https://t.co/Id6l0d74Oc Integrates Elrond for Custodial Services of #Elrond Digital Assets	https://t.co/nCymO9PsFY
1432321783575761000,1630327099000,CREAM finance Faces Its Second Flash Loan Attack in Six Months	https://t.co/rfPEIJm3I2
1432316104538566700,1630325745000,Cardano‚Äôs founder Charles Hoskinson commends Solana as it reaches new ATH	#SOL #Solana #Cardano	https://t.co/Lgh9P0W2zo
1432308032424358000,1630323820000,SEC Enters 1-Year Contact with Blockchain Analytics Firm to Monitor DeFi	https://t.co/0iJ3295EdI
1432297763442724900,1630321372000,Why #ADA Is the Next Best Investment Choice for this #DOGE Millionaire	#Cardano #Dogecoin #Crypto	https://t.co/iMQXcoCb11
1432293539585609700,1630320365000,Survey Reveals That 30% of India Residents Own #Crypto Assets	https://t.co/nvtwYJCEQV
1432260405104160800,1630312465000,El Salvador Locals Protest Upcoming #BTC Adoption Plan With Days To Go	https://t.co/4UAfKACcLD
1432222377883095000,1630303398000,Is your favorite #crypto a security or commodity? CFTC executive explains	https://t.co/lwU11aQKyP
1432205966032920600,1630299486000,SEC vs Ripple: Why August 31 holds the key and SEC's 'Queen's Gambit'	#Ripple #XRP #Crypto	https://t.co/p20QYAhd8f
1431872100223131600,1630219886000,"Did your employees trade XRP?" Ripple goes after SEC staffers	#Ripple #XRP #Crypto	https://t.co/hVItiD8i3L
1431869956984131600,1630219375000,#Cardano gets 'its own Uniswap' as $10B firm founder predicts #ADA surge	https://t.co/wiDlKDzJIQ
1431550290860421000,1630143160000,Exclusive: Data wizard tells us what to expect this weekend for Bitcoin	#Bitcoin #BTC #Crypto	https://t.co/tRJINVFYmw
1431531793128333300,1630138750000,5 Altcoins To Look Out For According To #Crypto Analyst Lark Davis	#WILD #EGLD #CQT	https://t.co/IQ6vizxfdA
1431529677089382400,1630138246000,Austrian Finance Minister Calls For #Crypto Regulations and Tax Changes	https://t.co/xSMnEmf9bn
1431234339396857900,1630067832000,Top 7 Altcoins That Are ‚ÄòAbout to Pop	‚Äô #Crypto Enthusiast Tells	#AVAX #ETH #SOL #ENJ	https://t.co/FikUqc2WWN
1431216463143227400,1630063570000,The Republic of Cuba to officially recognize #crypto and establish regulation	https://t.co/36Zv6g68FG
1431210631160606700,1630062179000,Andrew Schober sues parents of young men who stole his 16 Bitcoins	#Bitcoin #Crypto #BTC	https://t.co/2sdLonNxEO
1431206314001289200,1630061150000,Constellation Network to Provide Blockchain Security to DoD Data Systems	https://t.co/LAsAjz7GrT
1431173245047349200,1630053266000,A $120M #DOGE Scam Rocks Turkey	 Lawmakers Initiate Investigation	https://t.co/6BIWQW8N1Y
1431164668995948500,1630051221000,Gold Proponent Peter Schiff Crowned Winner in #Gold Vs #Bitcoin Debate	https://t.co/wryLBDztaf
1432337262226940000,1630330789000,https://t.co/Id6l0d74Oc Integrates Elrond for Custodial Services of #Elrond Digital Assets	https://t.co/nCymO9PsFY
1432321783575761000,1630327099000,CREAM finance Faces Its Second Flash Loan Attack in Six Months	https://t.co/rfPEIJm3I2
1432316104538566700,1630325745000,Cardano‚Äôs founder Charles Hoskinson commends Solana as it reaches new ATH	#SOL #Solana #Cardano	https://t.co/Lgh9P0W2zo
1432308032424358000,1630323820000,SEC Enters 1-Year Contact with Blockchain Analytics Firm to Monitor DeFi	https://t.co/0iJ3295EdI
1432297763442724900,1630321372000,Why #ADA Is the Next Best Investment Choice for this #DOGE Millionaire	#Cardano #Dogecoin #Crypto	https://t.co/iMQXcoCb11
1432293539585609700,1630320365000,Survey Reveals That 30% of India Residents Own #Crypto Assets	https://t.co/nvtwYJCEQV
1432260405104160800,1630312465000,El Salvador Locals Protest Upcoming #BTC Adoption Plan With Days To Go	https://t.co/4UAfKACcLD
1432222377883095000,1630303398000,Is your favorite #crypto a security or commodity? CFTC executive explains	https://t.co/lwU11aQKyP
1432205966032920600,1630299486000,SEC vs Ripple: Why August 31 holds the key and SEC's 'Queen's Gambit'	#Ripple #XRP #Crypto	https://t.co/p20QYAhd8f
1431872100223131600,1630219886000,"Did your employees trade XRP?" Ripple goes after SEC staffers	#Ripple #XRP #Crypto	https://t.co/hVItiD8i3L
1431869956984131600,1630219375000,#Cardano gets 'its own Uniswap' as $10B firm founder predicts #ADA surge	https://t.co/wiDlKDzJIQ
1431550290860421000,1630143160000,Exclusive: Data wizard tells us what to expect this weekend for Bitcoin	#Bitcoin #BTC #Crypto	https://t.co/tRJINVFYmw
1431531793128333300,1630138750000,5 Altcoins To Look Out For According To #Crypto Analyst Lark Davis	#WILD #EGLD #CQT	https://t.co/IQ6vizxfdA
1431529677089382400,1630138246000,Austrian Finance Minister Calls For #Crypto Regulations and Tax Changes	https://t.co/xSMnEmf9bn
1431234339396857900,1630067832000,Top 7 Altcoins That Are ‚ÄòAbout to Pop	‚Äô #Crypto Enthusiast Tells	#AVAX #ETH #SOL #ENJ	https://t.co/FikUqc2WWN
1431216463143227400,1630063570000,The Republic of Cuba to officially recognize #crypto and establish regulation	https://t.co/36Zv6g68FG
1431210631160606700,1630062179000,Andrew Schober sues parents of young men who stole his 16 Bitcoins	#Bitcoin #Crypto #BTC	https://t.co/2sdLonNxEO
1431206314001289200,1630061150000,Constellation Network to Provide Blockchain Security to DoD Data Systems	https://t.co/LAsAjz7GrT
1431173245047349200,1630053266000,A $120M #DOGE Scam Rocks Turkey	 Lawmakers Initiate Investigation	https://t.co/6BIWQW8N1Y
1431164668995948500,1630051221000,Gold Proponent Peter Schiff Crowned Winner in #Gold Vs #Bitcoin Debate	https://t.co/wryLBDztaf
1432422327183097900,1630351070000,@iamleonmallett @CarsAndCryptos ü§£
1432419289999491000,1630350346000,@HausOfLeonardo @MartinAudley @DocumentingBTC You have no arguments. 		Just give it up. You are clueless.
1432418808497688600,1630350231000,@WisdomMatic üôå
1432417780599492600,1630349986000,He clearly needs a new girlfriend! 		NFT rings are the hottest commodity right now	 and could bankrupt the jewelry‚Ä¶ https://t.co/V4Comcp040
1432416916178620400,1630349780000,This guys girlfriend is pissed after he tried proposing with an NFT instead of a ring. LOL üòÇ https://t.co/aUYYi67iBg
1432411546118992000,1630348500000,@Bijikac38766868 @DocumentingBTC No	 I don‚Äôt hate anything. 		I‚Äôm simply sharing the truth.
1432392733201780700,1630344014000,@greg16676935420 Nice job Greg! I followed you since you had 50 followers	 I am your #1 fan	 you are the best.
1432392532592406500,1630343966000,@TheEye94622257 @AchimKh @Ludwigs_Mangina üòÇüòÇ
1432391811151110100,1630343794000,@CarsAndCryptos Why do you lie? I guess you bought the top	 and will do anything to tell yourself your shitcoin has‚Ä¶ https://t.co/2u0Nyk3XT0
1432391447647596500,1630343708000,@Sheldon_Sniper @cryptomanran Looks comfy üòç
1432390128245383200,1630343393000,@CarsAndCryptos You‚Äôre in denial. üòÇ		Almost nobody is accepting Bitcoin	 including Pomp‚Äôs ‚ÄúBitcoin Pizza‚Äù	 and Tesl‚Ä¶ https://t.co/OF2uvAJ2N5
1432389919188603000,1630343343000,@JoloshiSakamoto @relayxio Haha	 I don‚Äôt want it :) 		Thank you though.
1432386557516951600,1630342542000,@CarsAndCryptos Nobody is using Bitcoin...		Its adoption is almost non-existent.
1432385432080236500,1630342274000,@Mahmoudjbaydoun @JoePompliano @APompliano @JohnPompliano No problem!
1432385370923090000,1630342259000,@Dam_sega @fturriaf @aantonop No they can‚Äôt‚Ä¶ You have no idea what you‚Äôre talking about.
1432385147911954400,1630342206000,@defitoken1 Nope. Bitcoin must be accepted by every single business.
1432384779408785400,1630342118000,@Oszkar50991538 Tether
1432384580938514400,1630342071000,@Mahmoudjbaydoun @JoePompliano @APompliano @JohnPompliano It‚Äôs all in their terms and conditions. Go check it out: https://t.co/9kwi2YCOOj
1432383488070717400,1630341810000,@Mahmoudjbaydoun @JoePompliano @APompliano @JohnPompliano You‚Äôre asking the three stooges	 who have lied countless‚Ä¶ https://t.co/jjGpPFFDH9
1432382505668255700,1630341576000,@Geckoeye @DocumentingBTC Too bad the story is fake. Do people actually buy up this crap? 		I‚Äôve seen like 10+ post‚Ä¶ https://t.co/sX3CdSsiKM
1432397421380841500,1630345132000,üéô "I Realized We Could Scale Play-to-Earn to Impact Thousands	 Hopefully Millions of Lives" - @gabusch		The‚Ä¶ https://t.co/6maNLfIZls
1432380670412734500,1630341138000,@mg_lul @gabusch @CamiRusso @YieldGuild @AxieInfinity Of course! The video will be posted tomorrow
1432380074611859500,1630340996000,RT @gabusch: I'm on @DefiantNews podcast!		Thank you @CamiRusso for being such a great interviewer	 I really enjoyed chatting with you abou‚Ä¶
1432368805938929700,1630338310000,RT @FantomFDN: Announcing a 370 million FTM incentive program for builders!		If you're a protocol team	 we'll reward you for sustaining and‚Ä¶
1432349474890797000,1630333701000,üêõA bug in an older version of Geth	 the software used by #Ethereum nodes	 caused a chain split on Friday.		What doe‚Ä¶ https://t.co/IsN70dXmfh
1432348197645701000,1630333396000,RT @HesterPeirce: Here's a chance to weigh in with ideas for clear crypto rules: https://t.co/a7BgVPn2xl
1432027853357465600,1630257020000,RT @alex_opensea: OpenSea has broken the daily volume record again.. and it's not even 1pm yet. On track for ~340M USD ü§Ø https://t.co/KECJb‚Ä¶
1431803529983938600,1630203537000,RT @el33th4xor: Fantastic educational content by @DirSchmidt from @DefiantNews!		If you have a chance	 I recommend anyone interested in lea‚Ä¶
1431802922619310000,1630203393000,ü¶ß10K Mutant Apes were sold by @BoredApeYC in an hour for over $90Müí∏		The derivative collection consists of 20K Muta‚Ä¶ https://t.co/wuzrI6BGQk
1431446920833257500,1630118515000,@Alabama_Tabasco @TrustlessState @thedailygwei @BanklessHQ Umm ‚Ä¶ https://t.co/80qEKevYp8
1431352658766581800,1630096041000,üìà@lyrafinance	 a cryptocurrency options platform	 has launched on Layer 2 protocol @optimismPBC	 offering lower tra‚Ä¶ https://t.co/rzd9sTnLZs
1431337208540184600,1630092358000,A lot of $ETH being burned todayüî• https://t.co/YDTOIPK4QN
1431309585059565600,1630085772000,üí±@pangolindex	 the dominant decentralized exchange on @avalancheavax	 is having its best week ever in terms of trad‚Ä¶ https://t.co/OHTHjngphd
1431294478594318300,1630082170000,@GnomeRidian @artblocks_io There was a limit of one mint per wallet. https://t.co/3tzsrFhrk7
1431288206050349000,1630080675000,RT @FaridRached: .@DefiantNews just dropped an absolutely amazing video on #Avalanche 		@DirSchmidt and @alpGasimov are geniuses and one of‚Ä¶
1431287966077440000,1630080617000,üí∏Collectors just can't get enough @artblocks_io #NFTs		Following the record 1800 $ETH Ringers sale earlier today	 t‚Ä¶ https://t.co/v81tgxUscv
1431286264154710000,1630080212000,RT @alpGasimov: Deƒüerli @el33th4xor hocam	 @avalancheavax hakkƒ±nda yaptƒ±ƒüƒ±mƒ±z videoyu umarƒ±m beƒüenirsiniz.		 - @DefiantNews video ekibi		ht‚Ä¶
1431286207015698400,1630080198000,RT @DirSchmidt: Massive deep dive into @avalancheavax $avax is now up ok @DefiantNews 		Plenty of Turkish flavour to be enjoyed as well.		D‚Ä¶
1431285777774923800,1630080096000,üêõThe #Ethereum chain has split due to a bug in a previous version of network client Geth		"Infura and the big excha‚Ä¶ https://t.co/ifZblwT0rZ
1431277637058510800,1630078155000,RT @avalancheavax: "Avalanche saw its TVL explode to over $1.6B from about $250M in mid-August. Avalanche‚Äôs DeFi ecosystem now boasts $1.55‚Ä¶
1432399161077473300,1630345547000,#CryptoNews	#Binance NFT Launches The State Hermitage Museum's Premium #NFT Collection	 Featuring Tokenized Artwork‚Ä¶ https://t.co/dSrGstm4yU
1432365841543225300,1630337603000,#CryptoNews	The major grounds for regularizing its use are said to be a lack of dollars in the Caribbean country an‚Ä¶ https://t.co/MRhAjcJUys
1432339593576210400,1630331345000,#CryptoNews #DeFiNews 	The price of Cardano's $ADA token soared on Friday	 bringing the month's gains to 112 % as t‚Ä¶ https://t.co/cYGSK1frh0
1432025813805842400,1630256534000,The life of an #NFT archaeologist: unearthing abandoned multi-million dollar #Ethereum projects		https://t.co/TFMlQ1NK24
1432010946222887000,1630252989000,#CryptoNews #DeFiNews	#Ethereum supporters are thrilled about the network's future. Many people believe it will tru‚Ä¶ https://t.co/ooy0DmTSxJ
1431938147026358300,1630235633000,#CryptoNews #DeFiNews	The #ethereum-based play-to-earn game Axie Infinity has seen a surge in popularity and profit‚Ä¶ https://t.co/rM9GRGFqvJ
1431904094969647000,1630227514000,#CryptoNews #DeFiNews #BitcoinNews	The CEO of Square and Twitter	 @Jack Dorsey	 is working on a decentralized‚Ä¶ https://t.co/8pqjbDA7mY
1431660408197324800,1630169414000,#CryptoNews #BitcoinNews	The first #cryptocurrency ATM opened in Honduras this week	 as proponents of the digital c‚Ä¶ https://t.co/43mVThthLj
1431315181452333000,1630087106000,#Bitcoin ATM operators in the United States have created a partnership to combat #cryptocurrency-related crimes.		https://t.co/IhBzx14dzL
1431304324047589400,1630084517000,#CryptoNews 	Rob Weiss	 a well-known personality in the film industry	 is rumored to be producing and directing the‚Ä¶ https://t.co/mWwVItIbfG
1430921920200036400,1629993345000,#CryptoNews #DeFiNews 	This week	 the "total value locked" (TVL) in #DeFi protocols across all #blockchains reached‚Ä¶ https://t.co/MpKvMSU2bO
1430560289993511000,1629907126000,#CryptoNews #DeFiNews	Every year	 $500 billion is sent as cross-border gift money. Only 1% of these transactions ar‚Ä¶ https://t.co/2XIixvO2a7
1430487656849461200,1629889809000,#CryptoNews #BitcoinNews	In the first half of 2021	 the #Bitcoin network recorded 488	206 new addresses.		https://t.co/EjeCLd8ZOm
1430397042120134700,1629868204000,MicroStrategy	 the data analytics firm that owns more #Bitcoin than any other company in the world	 announced anoth‚Ä¶ https://t.co/DGYWQu6SxY
1430228615262843000,1629828048000,#CryptoNews #DeFiNews	The finest practices in user privacy and data protection will be provided by a decentralized‚Ä¶ https://t.co/2gYj812ULg
1430220524064579600,1629826119000,#CryptoNews #DeFiNews #BitcoinNews	Yingjiang County is allegedly planning to ‚Äúforcibly dismantle‚Äù the power supply‚Ä¶ https://t.co/Synas0Caoc
1430166788151693300,1629813308000,The Swedish government has been forced to return a convicted drug dealer's cryptocurrency holdings	 which have grow‚Ä¶ https://t.co/zDaguqxb90
1429799731044180000,1629725794000,The con artists allegedly promised their victims that investing in #cryptocurrencies would help them make a fortune‚Ä¶ https://t.co/dRltAVv7d6
1429516296614518800,1629658218000,For many Afghans	 this week has laid bare the worst-case scenario for a country running on legacy financial rails.‚Ä¶ https://t.co/4DDq3bVsHK
1429487513396187100,1629651356000,#CryptoNews #DeFiNews 	#Binance has hired a tiny army of former regulators in recent months. Other #crypto companie‚Ä¶ https://t.co/tjGfaIwEs0
1432468799421390800,1630362150000,This looks like a fairy tale‚ÄîOnly a decade ago	 Satoshi Nakamoto in a quiet corner of the Internet	 releases magic‚Ä¶ https://t.co/nB5Hp5sGni
1432464537295495200,1630361134000,@real_vijay üß°
1432464441606611000,1630361111000,RT @real_vijay: This week I'm following @DocumentingBTC	 one of my favorite accounts for keeping up with general #Bitcoin news. Bitcoin onl‚Ä¶
1432460274410397700,1630360117000,Never thought this account would be tweeting out a government created #Bitcoin commercial	 but here we are.		This i‚Ä¶ https://t.co/fqt5sqgqgM
1432450544929579000,1630357798000,Sounds risky https://t.co/65coR4TDAH
1432450225571041300,1630357722000,North America or Western Europe hardly even crack the top 10 largest adopters of #Bitcoin		Peer-to-peer #Bitcoin tr‚Ä¶ https://t.co/DQmtjOKxSb
1432411224701087700,1630348423000,A politician running for Congress	 an elementary science teacher‚Äî@AarikaRhodes writes about financial literacy and‚Ä¶ https://t.co/w44Yk79wJh
1432397459943272400,1630345141000,The New York Times	 August 1971 ‚Äî		"By far the most startling part of the President's new economic program is the d‚Ä¶ https://t.co/LHD75ICgTh
1432394451842998300,1630344424000,#Bitcoin is winning üß°‚Äôs
1432351869402296300,1630334272000,#Bitcoin Chivo ATM‚Äôs are now up in El Salvador  üá∏üáª ¬†		https://t.co/pGzeDGaVMf
1432326604370419700,1630328248000,#Bitcoinüß° https://t.co/uo3mKiIYdk
1432325751748112400,1630328045000,7 days until #Bitcoin¬†becomes legal tender in El Salvador. üá∏üáª
1432063823570145300,1630265596000,#Bitcoin is a public	 open-source network	 with every line of code available for anyone to review and contribute to‚Ä¶ https://t.co/r75FQKPGIy
1432024058158276600,1630256115000,#Bitcoin secures twice as much value as Fort Knox.		Fort Knox üè¶ holds 147.43 million troy ounces of gold	 and at th‚Ä¶ https://t.co/jQobeMLWqL
1432007678776299500,1630252210000,9 days until #Bitcoin becomes legal tender in El Salvador. üá∏üáª
1431674981616922600,1630172889000,https://t.co/3Pb5gcOV6E
1431667745737875500,1630171164000,"#Bitcoin and me (Hal Finney)" - The greatest piece of writing that exists today	 and one that will be remembered t‚Ä¶ https://t.co/ZEpE0amWGt
1431666653855629300,1630170904000,Seven years ago today	 Hal Finney left us. 		Rest in peace to the husband	 father	 and cypherpunk who contributed t‚Ä¶ https://t.co/HfmxMoi9sk
1431615931915112400,1630158810000,Non-custodial	 open-source #Bitcoin development that gives power back to the individual.		This is how #Bitcoin wins‚Ä¶ https://t.co/F4PtgXttQ1
1431613663840964600,1630158270000,10 days until #Bitcoin¬†¬†becomes legal tender in El Salvador. üá∏üáª
1432470072249831400,1630362453000,#Bitcoin #News #BitcoinNews #BTCUSD #BTCUSDC Big Whales Amass More Bitcoin As Hedge Funds Remain Bullish‚Ä¶ https://t.co/PCEMa0gGVS
1432466170796380200,1630361523000,#Bitcoin #bitcoin #btc #btcusd Bitcoin Mempool Shows Low Demand?	 Why Bears Could Stage A Comeback‚Ä¶ https://t.co/u2q3hhXY6f
1432464661786488800,1630361163000,#DeFi #CreamFinance #ERC20 #ethereum #Flashloans Cream Finance Loses $25 Million To A Flash Loan Attack‚Ä¶ https://t.co/UciyvjNtFk
1432463782454853600,1630360954000,#News #18Months #2023 #76millionwallets #Altcoins https://t.co/Q8LnlSjUsV CFO Says Company Could IPO in ‚Äô18-Months	‚Ä¶ https://t.co/FW9HSbrJrW
1432463674938036200,1630360928000,#Adoption #Regulation #bitcoin #ElSalvador #NayibBukele Anti-Bitcoin protests are ongoing in El Salvador ahead of l‚Ä¶ https://t.co/hFnCvkwUjt
1432460758743277600,1630360233000,#SmartContracts #DeFi #Value #MarketsPro #Cryptocurrencies Fantom price gains 100% after launching a 370M FTM incen‚Ä¶ https://t.co/s3f08V7B9U
1432455601938862000,1630359003000,#Cryptocurrency #News #CryptocurrencyNews #Ripple #XRPNews SEC vs. Ripple: Here‚Äôs What‚Äôs Next On August 31‚Ä¶ https://t.co/cLw1gya1No
1432454602897514500,1630358765000,Mobile Location Market Movements Becoming More Definitive As Appen Acquires Quadrant https://t.co/nUczDWpeuD - dumb‚Ä¶ https://t.co/g5H4CZEso1
1432454408265076700,1630358719000,#analysis #Bitcoin #Opinion #btc #BTCUSD Bitcoin Price Prediction: BTC/USD Drops Beneath $48	900‚Ä¶ https://t.co/JR5pRwwP1k
1432454399217963000,1630358717000,#analysis #Bitcoin #Opinion #btc #BTCUSD Bitcoin (BTC) Price Prediction: BTC/USD Recovers above $48K as Bitcoin Res‚Ä¶ https://t.co/mR3WRWKD9F
1432454390288318500,1630358715000,#analysis #Cryptocurrency #Dogecoin #Trading #Crypto Dogecoin Price Dips 0.4% to $0.281 ‚Äì Where to Buy DOGE‚Ä¶ https://t.co/mZkCYx9ADC
1432454380553339000,1630358712000,#analysis #Bitcoin #Cardano #Cryptocurrency #Ethereum 5 Top Crypto to Buy This Week [BTC	 ETH	 ADA	 SOL	 BNB] Sept.‚Ä¶ https://t.co/Ouh1UdnOeg
1432454370247905300,1630358710000,#analysis #Cryptocurrency #Trading #Crypto #ENJ Enjin Price at $2.20 after 8.1% Gain ‚Äì How to Buy ENJ‚Ä¶ https://t.co/bE8UMQr8yn
1432454361037226000,1630358708000,#analysis #Cryptocurrency #Trading #Crypto #Decentraland Decentraland Price Gains 13.5% in 24 Hours ‚Äì Where to Buy‚Ä¶ https://t.co/e1j3JSCS88
1432454351616831500,1630358705000,#analysis #Cryptocurrency #Trading #Crypto #Fantom Fantom Price Gains 37.1% to $0.701 ‚Äì Where to Buy FTM‚Ä¶ https://t.co/em4yKy2EQb
1432454345669308400,1630358704000,#analysis #Opinion #Ripple #ripple #TechnicalAnalysis Ripple Price Prediction: XRP/USD Stays Below $1.20‚Ä¶ https://t.co/1CHKQtLevT
1432448572373364700,1630357327000,#Pressrelease #AscendEx #KavaSwap Kava Swap Lists on AscendEX https://t.co/jxwItyt0L3 https://t.co/JrWQbjsWHZ
1432446670105563100,1630356874000,#CryptoCable Hats Protocol Raises $3.5 Million for DeFi Incentivized Cybersecurity Network https://t.co/AuKqHOM2Zc‚Ä¶ https://t.co/kWzXtEkk1N
1432443778271355000,1630356184000,#RealEstate #Sandbox New Blockchain Lab aims to modernize the mortgage industry https://t.co/JZOUDrRhLs https://t.co/9115iXISRJ
1432437356473172000,1630354653000,#AANews #CryptoNews #social #Banks #Blockchain Standard Chartered Launches Blockchain-based Trade Finance Platform‚Ä¶ https://t.co/JyU3LDxLwO
1432464273125650400,1630361071000,RT @Steven_Ehrlich: Not gonna lie‚Ä¶seeing @MCHammer tweet my story made me ‚ò∫Ô∏è https://t.co/ueFYfqZ13g
1432432944308793300,1630353601000,.@VipinBharathan on the difficulty of measuring and finding true value	https://t.co/UwC6GOZ8LB
1432425894077927400,1630351920000,MUST READ: The Ripple Case is the last straw for the crypto community	 outraged by years of regulatory inconsistenc‚Ä¶ https://t.co/bAOzf6BrFu
1432411970083246000,1630348601000,RT @CryptoLawUS: The @SECGov was "evidently startled" by @JohnEDeaton1's motion to intervene and "levied personal attacks on Deaton and XRP‚Ä¶
1432410288947671000,1630348200000,Depending on whom you speak with	 crypto either ‚Äúhas the potential to revolutionize the world economy‚Äù or is a bubb‚Ä¶ https://t.co/IeYks3faK1
1432395576625275000,1630344692000,MUST READ: How the Ripple case triggered a crypto uprising the SEC didn't see coming: https://t.co/atikbe3nK1 by @RoslynLayton
1432395323536773000,1630344632000,RT @RoslynLayton: The #Crypto Uprising The SEC Didn‚Äôt See Coming via @forbes https://t.co/I0WFoSiD2H #CryptoNews #XRP
1432387643405439000,1630342801000,DON'T MISS: @SBF_FTX sat down with @Steven_Ehrlich to discuss the challenges of building a regulatory compliant cry‚Ä¶ https://t.co/mWfito2wdj
1432372539469275100,1630339200000,Because of their risky nature	 crypto derivatives have been either scapegoated or blamed for causing and magnifying‚Ä¶ https://t.co/9PbZlQ4hf2
1432367509445951500,1630338001000,Sam Bankman-Fried made a large portion of his wealth on the back of risky crypto derivative products. But he also b‚Ä¶ https://t.co/qi47g9U1Q1
1432365767970984000,1630337585000,Billionaire Sam Bankman-Fried pushes back against critics of crypto derivatives: by @Steven_Ehrlich 	https://t.co/xal0f1qWEz
1432364992460775400,1630337400000,Depending on whom you speak with	 crypto either ‚Äúhas the potential to revolutionize the world economy‚Äù or is a bubb‚Ä¶ https://t.co/Grg8X7YuwJ
1432363478099050500,1630337039000,RT @Steven_Ehrlich: I sat down with @SBF_FTX to explore:		-What financial veterans get wrong about crypto derivatives	-How he plans to spen‚Ä¶
1432362850165698600,1630336890000,Billionaire Sam Bankman-Fried Pushes Back Against Critics Of Crypto Derivatives: by @Steven_Ehrlich https://t.co/YecZEEqEfv
1432345685840519200,1630332797000,Simone Biles will release her first NFT collection on Tuesday via Tom Brady's NFT platform Autograph.		She will als‚Ä¶ https://t.co/5OC9pLf90b
1432343805546705000,1630332349000,Simone Biles to release her first NFT collection Tuesday	 cashing in on booming market: by @TommyBeer 	https://t.co/RkeoA1de06
1432342340950184000,1630332000000,.@BillyBambrough delivers what you need to know from the world of crypto and blockchain straight to your inbox	 eve‚Ä¶ https://t.co/431cLT6SBW
1432327243620040700,1630328400000,Why investors should consider bitcoin as portfolio insurance: by @lwintermeyer 	https://t.co/GrrECh9btL
1432312142678663200,1630324800000,All the gold in Fort Knox will not buy you more than 1% of the total bitcoin supply: by @VipinBharathan 	https://t.co/PGO8CcOPcR
1432281950333677600,1630317602000,In case you missed it: the CEO of financial advisory group deVere has said he expects ethereum to continue to outpa‚Ä¶ https://t.co/0d3rKq7gNA
1425995524365226000,1628818801000,RT @crypto_goat_: What is $PIVX and Why Is It Primed for an Explosive 2021 @_PIVX #PIVX #Crypto #Privacy #Bullish üìàüìà  	 https://t.co/1pzQMQ‚Ä¶
1416090224799715300,1626457193000,RT @crypto_goat_: Square is building a decentralized finance business using #Bitcoin @Square @Jack https://t.co/3LFxeYnjO8
1416090215375114200,1626457191000,RT @crypto_goat_: Bank of America will allow #Bitcoin futures trading $BTC #Cryptocurrency  https://t.co/oFzayaWYov
1410388354907185200,1625097762000,@CoinRabbitLoans @crypto_goat_ üíé
1394755899944734700,1621370694000,@crypto_goat_ @TequilaPartyBsc https://t.co/zNsQA7WcuA
1394755108819374000,1621370505000,RT @crypto_goat_: The most thoughtful #TequilaParty you‚Äôve ever seen	 #tequila is your next microcap gem. Check out @TequilaPartyBSC #cantd‚Ä¶
1370774251637256200,1615653024000,The last time #Altcoin market cap turned its old all-time highs into a new support...		Altcoin Market Cap rallied +‚Ä¶ https://t.co/f3qcRcVgbh
1366367212890513400,1614602304000,About half way up #Bitcoin #JustGettingStarted $BTC https://t.co/F9itkMbYXy
1366187726740091000,1614559511000,@crypto_goat_ @firoorg @horizenglobal Gotta love passive income
1364923195669774300,1614258023000,Coinbase's S-1 public filing is now public	 setting stage for a direct listing on Nasdaq #Bitcoin $BTC‚Ä¶ https://t.co/LW0MStowD2
1364551508017176600,1614169406000,One of Switzerland's oldest banks now offers trading in cryptocurrencies #Bitcoin https://t.co/XLc0ZEvzIT
1364194752208531500,1614084349000,Bitfinex	 Tether settle with New York‚Äôs Attorney General for $18.5 million #Bitcoin #Tether https://t.co/lCXnbx7KpN
1361655179427385300,1613478867000,#Bitcoin 5Ô∏è‚É£0Ô∏è‚É£	0Ô∏è‚É£0Ô∏è‚É£0Ô∏è‚É£ $BTC https://t.co/JcQUQi908D
1359218494210998300,1612897916000,JP Morgan adds #crypto-friendly Signature Bank https://t.co/n3LpuFX78Q
1358514852168401000,1612730155000,If you would of invested your $1	200 stimulus check into $DOGE	 it would now be worth $43	800		#dogecoin #doge #dogearmy
1357807581545300000,1612561528000,$ETH (current) vs $BTC (last cycle) https://t.co/fXuvTXeEWb
1355617236115927000,1612039309000,@crypto_goat_ @HavenXHV @thorchain_org and @HavenXHV integration = $XHV $RUNE üìà
1355149248300527600,1611927732000,#Bitcoin 		üí≠          üí≠           üí≠   	     üí≠               üåî     üí≠  	           üí≠   üöÄ	üí≠ üí≠      *               üí≠‚Ä¶ https://t.co/RLA2U7H4Pn
1354975761963352000,1611886370000,Watch out #wallstreetbets https://t.co/bkrVT3uHLy
1354962900457238500,1611883304000,#DogeCoin is coming üî• $DOGE https://t.co/hL6mQf7eRX
1432448043501047800,1630357201000,#Mainnet2021 is coming up quickly!		We have 150+ speakers joining us September 20-22 in NYC.		And as you prepare	 c‚Ä¶ https://t.co/gagUqd559P
1432432938919026700,1630353600000,Œ±lphŒ±? Did some one say ALPHA?üëÇ https://t.co/lgaA60fSqy
1432427417797382100,1630352284000,RT @Saypien_: @opyn_  has grown to be the largest DeFi options protocol growing from 24% to 94% market share over the year. 		Even outside‚Ä¶
1432418032526270500,1630350046000,ICYMI: Ryan Selkis @twobitidiot was featured on the latest @bchaininsider Podcast! Check out their discussion about‚Ä¶ https://t.co/EQBQHmlmrs
1432402742283157500,1630346401000,ICYMI üëÄüëá https://t.co/8rX5Tt6DAO
1432400063247093800,1630345762000,4/ Learn more about @opyn_ and its options trading offerings in the latest article from @Saypien_ https://t.co/Y7E9YhynsA
1432400061263188000,1630345761000,3/ @opyn_ is a great integration partner for protocols wishing to leverage options.		Ex: @ribbonfinance vaults util‚Ä¶ https://t.co/mbDhquxRJG
1432400055651164200,1630345760000,2/ @opyn_ V2 is a protocol for creating tokenized options products.		Each separate option is minted as an ERC20 and‚Ä¶ https://t.co/uiDZ7OSdGf
1432400053642072000,1630345760000,1/ While DeFi options volumes remain small	 there is one options protocol that has seen significant growth over the‚Ä¶ https://t.co/lJJXgML6eS
1432380333832425500,1630341058000,RT @twobitidiot: Reminder!		Three weeks until @messaricrypto's Mainnet 2021!		+ NYC	 Sept 20-22	+ 2	000+ attendees	 150+ speakers / 100+ pr‚Ä¶
1432369520342192000,1630338480000,RT @baba_ilyas19: @DerrickN_ @KoltenB_ @LiquityProtocol https://t.co/ePTsgqkJOz		Have covered Liquity on Messari recently and would love to‚Ä¶
1432359670379958300,1630336132000,RT @twobitidiot: If you want to better understand the multi-chain future of the Financial Internet and User-Owned Economy	 you should tune‚Ä¶
1432358047163240400,1630335745000,RT @theklineventure: Looking forward to speaking on the main stage at @MessariCrypto's Mainnet event alongside so many incredible founders‚Ä¶
1432355862102823000,1630335224000,RT @cLabs: Excited to see everyone back together in NYC for @MessariCrypto's annual summit #Mainnet2021 Sept 20-22! Grab a pass today to ge‚Ä¶
1432354588959690800,1630334920000,RT @sui414: Excited to gm everyone in person in NYC for @MessariCrypto's annual summit #Mainnet2021 Sept 20-22! 		I‚Äôll join the Data panel‚Ä¶
1432354435842429000,1630334884000,@chasedevens Awesome having you on board. 2021 is just the start! üöÄ
1432353955116462000,1630334769000,RT @chasedevens: A year ago I was unemployed and mentally lost entering a COVID-riddled society.		Today I'm excited to share that I recentl‚Ä¶
1432353814573686800,1630334735000,RT @VesperFi: 1 / THIS WEEK		- $VSP added to @defipulse $DPI	- AMA w/ @jeffthedunker 	- Treasury insights w/ @simon_defi 	- @jgarzik talks‚Ä¶
1432352010960052200,1630334305000,RT @twobitidiot: Check out all of our open roles here:		https://t.co/NNRDFdn2i1
1432345768887738400,1630332817000,RT @BitMartExchange: üéâ BitMart is proud to sponsor the Mainnet 2021 Summit held by @MessariCrypto in September!		Don‚Äôt forget to drop by ou‚Ä¶
1432448321369649200,1630357268000,üì£  Ethereum (ETH) Staking (PoS) Making it Easier to Run a Node		üîó: https://t.co/TMMusp7Sux		#‚É£: #Ethereum		‚úçÔ∏è: Jame‚Ä¶ https://t.co/L9rPoba4SE
1432418092500623400,1630350060000,üì£  Cardano ADA September 2021 Price Target is at $3 and More with Alonzo Blue White Purple		üîó:‚Ä¶ https://t.co/Uvt6PktAK5
1432417971973021700,1630350032000,üì£  Overview of Bitcoin (BTC) Price History For 2021 Beginners		üîó: https://t.co/nI6GkCmEZM		#‚É£: #Bitcoin		‚úçÔ∏è: dan sa‚Ä¶ https://t.co/3HdzIW9cbe
1432387772015337500,1630342831000,üì£  Tron Foundation (TRX) APENFT on Crypto Games and Marketplaces with Epik Prime		üîó: https://t.co/Xk0MV5HwTO		#‚É£:‚Ä¶ https://t.co/zwZ9ipBndW
1432357742765822000,1630335672000,üì£  Chivo Wallet in El Salvador to Simplify Bitcoin (BTC) for All		üîó: https://t.co/oRVSyVrBNM		#‚É£: #Bitcoin		‚úçÔ∏è: Jam‚Ä¶ https://t.co/GcgsAeKBXP
1432327306404671500,1630328415000,üì£  NFTs Worth ¬£290	000 by Benyamin Ahmed 12 Gets People to Look Closer into Collectibles		üîó:‚Ä¶ https://t.co/khSHhrx0ZJ
1432297302664880000,1630321262000,üì£  People will come in Waves to Buy BTC at 100k	 500k and 1MM		üîó: https://t.co/hzjtfqCL6w		#‚É£: #Bitcoin		‚úçÔ∏è: James‚Ä¶ https://t.co/ZIWt2j9BAZ
1432267131517821000,1630314069000,üì£  Importance of Bitcoin (BTC) Price Discovery and Basing Decisions on Next 5 to 10 years		üîó:‚Ä¶ https://t.co/IkO6Xh1f0o
1432236908617343000,1630306863000,üì£  Price Dynamics of Bitcoin (BTC) and Cryptocurrencies Influenced by Derivatives Behavior		üîó:‚Ä¶ https://t.co/gO2OST2GUx
1432116125748301800,1630278066000,üì£  Are Many Big Banks Blocking Payments to Binance (BNB)?		üîó: https://t.co/SnjhLWkuE5		#‚É£: #binance		‚úçÔ∏è: Steven And‚Ä¶ https://t.co/z0x4zggdAZ
1432085870341992400,1630270853000,üì£  How is Dash Direct Different from Other Crypto Gift-Card Solutions?		üîó: https://t.co/pUxnjvTNlt		#‚É£: #dash		‚úçÔ∏è:‚Ä¶ https://t.co/1Wq0zIc7Ft
1432055747945316400,1630263671000,üì£  Discussions Abuzz Ethereum Classic (ETC) Community about Bug Innovation Budget and Treasury		üîó:‚Ä¶ https://t.co/xCZedXml1p
1432025548511928300,1630256471000,üì£  One more Decentralized Bitcoin Exchange Courtesy:  Jack Dorsey and Mike Brock		üîó: https://t.co/NjQ2v04OTt		#‚É£:‚Ä¶ https://t.co/veLhqan1zE
1431995208166686700,1630249237000,üì£  Cuba Iran North Korea Syria and Sanctioned Nations in Favor of Bitcoin (BTC) and Cryptocurrency Space		üîó:‚Ä¶ https://t.co/7lEa2ld4XQ
1431965118745743400,1630242063000,üì£  Discussing Bitcoin (BTC) the Global Financial Pillar		üîó: https://t.co/2PWO2hsWWv		#‚É£: #Bitcoin		‚úçÔ∏è: Maheen Herna‚Ä¶ https://t.co/AagNN5jxAt
1431934987096543200,1630234879000,üì£  Cryptocurrency Derivatives are they Complex and Risky Products? Turbocharged Bets		üîó: https://t.co/cskp4IwmHt‚Ä¶ https://t.co/NSrtSz25Uw
1431904584176373800,1630227631000,üì£  Everything under the Sun will get Tokenized with Tokenomics in the Cryptocurrency Space		üîó:‚Ä¶ https://t.co/6qUBVyXeCh
1431874579925028900,1630220477000,üì£  Play to Earn Cryptocurrencies AXA MANA SAND ALICE SLP and Lot More		üîó: https://t.co/Pzp6z5m9jF		#‚É£: 		‚úçÔ∏è: James‚Ä¶ https://t.co/6rqa34d6QZ
1431776556200910800,1630197106000,üì£  Well-Being NFTs from Enjin Coin TNT-20 from Theta Network and Several Others		üîó: https://t.co/RjTq1cdki7		#‚É£:‚Ä¶ https://t.co/TMCO9DIM1d
1431753534370877400,1630191617000,üì£  Uniswap (UNI) The Constant Product Formula and Impermanent Loss		üîó: https://t.co/1wM7FCaWyD		#‚É£: #Uniswap		‚úçÔ∏è: d‚Ä¶ https://t.co/jKug1YqXZM
1432353542954799000,1630334671000,Bertinity (BRTX): https://t.co/QCOp44HNEc
1432353542006886400,1630334670000,Daikage (Daikage): https://t.co/mx5Mt3OsXS
1432352474007015400,1630334416000,Azuro (AZUR): https://t.co/ThyewSPg29
1432351028888981500,1630334071000,ARMION (ARM): https://t.co/KweAXThqSl
1432351027844497400,1630334071000,DFinance (DFCT): https://t.co/0bFV3YUxhp
1432216591979188200,1630302019000,Payment Giant #Visa is Reportedly Working on NFT Solutions: https://t.co/uKHovPmeos	#CryptoAdoption #Cryptokitties‚Ä¶ https://t.co/iwyztxesH5
1432216580331540500,1630302016000,#Geth Developers fix critical Bug	 urging Users to update their #Ethereum Clients immediately:‚Ä¶ https://t.co/poSvLbnnTZ
1432108180226678800,1630276172000,#Dimitra #Tokenomics and #Ecosystem: https://t.co/ibQsYis5cM
1431216054680924200,1630063472000,https://t.co/P2IFhYeCaF: https://t.co/g49PpbMWG8
1431172020625191000,1630052974000,Bitcoin ATM Operators Launch Anti Money Laundering Initiative: https://t.co/VmZ9PDlFsp @Crypto_3C	 @US_CCO_Bitstamp‚Ä¶ https://t.co/KbyWWLTF4R
1430794531029532700,1629962973000,#Dimitra	 A Leading #Agtech Provider	 Is Incubated By #ZenX: https://t.co/74Bqc8ABq1 @dimitratech
1430786981026533400,1629961173000,What Does Greater #Regulation Mean For Cryptocurrency Markets?: https://t.co/V4dF9ijJrL	#Bitcoin #China #Crypto
1430785917955027000,1629960920000,#Parma #Calcio Makes Second Partnership With Gravity Sport: https://t.co/z6qmoBh5BQ @gravitysportone	#GravitySport #NFT #PressRelease
1430518089746112500,1629897064000,#OnlyFans CEO Blames #Banks for Scrapping Adult Content: https://t.co/AYwW062vQo @onlyfans	#Banking #Jpmorgan‚Ä¶ https://t.co/0GpN241YpL
1430398366823985200,1629868520000,#Tezos Strikes Three Key Partnerships	 Targeting Institutional Investors: https://t.co/nnDP3VJkHR @tezos‚Ä¶ https://t.co/jZjpTgvfpx
1429414195578163200,1629633876000,How Hackers and Cybercriminals launder Crypto Money: https://t.co/jx1sDbWz8Z	#CryptoCrime #Cybercrime #ExchangeHack‚Ä¶ https://t.co/dGmkj129rd
1428928505069326300,1629518078000,US Mayor Wants to Give Every Resident $1	000 in #Bitcoin: https://t.co/kvsQ4PjXsD	#Airdrop #CoolValley‚Ä¶ https://t.co/sbPNVMw6q8
1428705789200507000,1629464978000,Japanese Exchange Hacked - $97 Million Stolen: https://t.co/Q6RTGhej2n	#CryptoExchange #CryptoHack #ExchangeHack #Japan #Liquid
1428381156970479600,1629387580000,#Ethereum Will Overtake #Bitcoin Within 5 Years	 Says deVere CEO: https://t.co/u9h2OVi8rE	#BlockchainCenter‚Ä¶ https://t.co/OkMUkH1hS7
1428378628451184600,1629386977000,#Hacker Steals $600 Million From #Poly	 Then Pledges to Return the Money: https://t.co/8E0sIfg1Vu‚Ä¶ https://t.co/PFrDgTNT6P